ID;Campanha;Canal;Data_Inicio;Data_Fim;Objetivo;Segmento_Alvo;Investimento_R$;Impressoes;Cliques;CTR_%;CPC_R$;Conversoes;Custo_por_Conversao_R$;Receita_Gerada_R$;ROI_%;Alcance_Unico;Frequencia_Media;Engajamentos;Taxa_Engajamento_%
1;Influencer Collab;YouTube Ads;2024-09-11;2024-09-22;Conversão;25-34 Digital;16977.21;7969324;57672;0.72;0.29;5204;3.26;1385149.92;8058.9;4301078;1.9;167232;2.1
2;Tech Launch;Display;2024-09-21;2024-09-26;Consideração;25-34 Digital;72488.84;3749121;164214;4.38;0.44;11092;6.54;1716780.99;2268.3;2068747;1.8;412266;11.0
3;Referral Boost;Native Ads;2024-08-27;2024-09-18;Retenção;50+ Tradicional;12212.7;3755915;147926;3.94;0.08;10418;1.17;4273424.4;34891.6;2126835;1.8;399158;10.63
4;Live Commerce;Google Ads;2024-03-07;2024-03-26;Conversão;Empresários;34441.36;3130014;47390;1.51;0.73;3470;9.93;1440423.61;4082.2;2018836;1.6;82993;2.65
5;Verão Digital;YouTube Ads;2024-08-18;2024-09-04;Retenção;Empresários;70405.42;22729916;360470;1.59;0.2;6574;10.71;1974573.53;2704.6;15506638;1.5;529299;2.33
6;Black Friday 2024;Instagram;2024-10-12;2024-11-12;Conversão;Universitários;94182.87;30051374;2393046;7.96;0.04;165456;0.57;78455713.02;83201.5;20711047;1.5;5483123;18.25
7;Carnaval Promo;Meta Ads;2024-08-04;2024-08-28;Conversão;Universitários;58951.66;11757118;445544;3.79;0.13;51786;1.14;4378533.65;7327.3;6565027;1.8;346899;2.95
8;Dia dos Pais;Google Ads;2024-09-24;2024-10-02;Awareness;Profissionais TI;26841.72;5332832;166553;3.12;0.16;22245;1.21;2110997.21;7764.6;2601970;2.0;158662;2.98
9;Live Commerce;YouTube Ads;2024-09-10;2024-09-19;Conversão;Universitários;55210.94;4012210;92904;2.32;0.59;5413;10.2;981475.47;1677.7;2751292;1.5;255779;6.38
10;Seasonal Push;Google Ads;2024-05-12;2024-06-05;Awareness;18-24 Urbano;89049.52;34089464;1988053;5.83;0.04;39510;2.25;8610104.23;9568.9;17075268;2.0;5083462;14.91
11;Back to School;Native Ads;2024-10-27;2024-11-07;Conversão;50+ Tradicional;44969.17;20593160;880816;4.28;0.05;101362;0.44;16921630.43;37529.4;12964577;1.6;1810512;8.79
12;Verão Digital;YouTube Ads;2024-12-08;2024-12-25;Awareness;Universitários;11390.28;2720612;135645;4.99;0.08;10872;1.05;561917.23;4833.3;1697409;1.6;286621;10.54
13;Verão Digital;Google Ads;2024-11-17;2024-12-09;Consideração;50+ Tradicional;37712.67;12140468;365029;3.01;0.1;41377;0.91;5394210.55;14203.4;5400567;2.2;193818;1.6
14;Content Hub;Display;2024-08-06;2024-08-13;Conversão;Empresários;14535.51;4561647;155512;3.41;0.09;4504;3.23;830513.4;5613.7;2448770;1.9;184868;4.05
15;Black Friday 2024;Display;2024-03-05;2024-04-06;Awareness;35-49 Família;41929.0;4515082;162362;3.6;0.26;9025;4.65;4165623.51;9834.9;1460710;3.1;385631;8.54
16;Black Friday 2024;Google Ads;2024-06-05;2024-06-20;Awareness;Profissionais TI;47533.7;8933468;205827;2.3;0.23;5280;9.0;330994.36;596.3;3505309;2.5;507373;5.68
17;Influencer Collab;LinkedIn Ads;2024-10-03;2024-10-10;Consideração;25-34 Digital;3834.3;1137443;40208;3.53;0.1;4815;0.8;1091999.43;28379.8;373441;3.0;70767;6.22
18;Podcast Series;Podcast Ads;2024-04-17;2024-04-24;Consideração;50+ Tradicional;21582.55;9601700;224124;2.33;0.1;16506;1.31;4971080.1;22932.9;3813014;2.5;421222;4.39
19;Dia das Mães;Google Ads;2024-05-09;2024-05-17;Consideração;35-49 Família;87924.6;43529191;718482;1.65;0.12;50460;1.74;19023347.69;21536.0;21533531;2.0;1150666;2.64
20;Brand Awareness Q1;Native Ads;2024-12-02;2024-12-28;Awareness;18-24 Urbano;53721.03;4800470;122730;2.56;0.44;8566;6.27;1136397.46;2015.4;2758940;1.7;270749;5.64
21;Lançamento App;Native Ads;2024-06-12;2024-07-09;Retenção;Empresários;1698.67;460491;11972;2.6;0.14;1118;1.52;60567.58;3465.6;289597;1.6;25060;5.44
22;Verão Digital;YouTube Ads;2024-04-03;2024-04-16;Awareness;Universitários;69254.47;15484637;456971;2.95;0.15;59407;1.17;19259102.84;27709.2;4962131;3.1;474880;3.07
23;Lançamento App;TikTok Ads;2024-05-26;2024-06-27;Branding;Profissionais TI;96791.93;17134874;257593;1.5;0.38;18971;5.1;1941313.65;1905.7;6146246;2.8;211249;1.23
24;Influencer Collab;LinkedIn Ads;2024-03-28;2024-04-01;Awareness;35-49 Família;52991.79;4678092;126464;2.7;0.42;10189;5.2;4779482.15;8919.3;2997907;1.6;162692;3.48
25;Live Commerce;E-mail Marketing;2024-12-17;2024-12-22;Retenção;50+ Tradicional;52753.76;13475592;944075;7.01;0.06;55879;0.94;20026061.73;37861.4;8723466;1.5;2254421;16.73
26;Black Friday 2024;Podcast Ads;2024-12-01;2024-12-03;Retenção;Universitários;41823.63;10439745;83265;0.8;0.5;11793;3.55;5787939.15;13738.9;5084726;2.1;226726;2.17
27;Lançamento App;Instagram;2024-01-01;2024-01-22;Retenção;50+ Tradicional;77807.43;12878637;572180;4.44;0.14;31001;2.51;12026091.98;15356.2;8289051;1.6;880846;6.84
28;Carnaval Promo;YouTube Ads;2024-05-16;2024-06-18;Conversão;25-34 Digital;92797.86;20024250;1227292;6.13;0.08;127042;0.73;47030813.08;50580.9;10722808;1.9;3225464;16.11
29;Back to School;Instagram;2024-02-25;2024-03-14;Conversão;35-49 Família;11066.79;2809508;98436;3.5;0.11;4778;2.32;1013365.19;9056.8;1469414;1.9;62386;2.22
30;Verão Digital;Display;2024-07-17;2024-08-12;Awareness;18-24 Urbano;71523.27;4850797;80764;1.66;0.89;5292;13.52;2505349.38;3402.8;2166635;2.2;212809;4.39
31;Dia dos Pais;Podcast Ads;2024-12-04;2024-12-14;Branding;35-49 Família;30699.85;3604337;196213;5.44;0.16;18257;1.68;3287804.34;10609.5;1824065;2.0;493154;13.68
32;Live Commerce;TikTok Ads;2024-08-27;2024-09-16;Consideração;50+ Tradicional;7717.29;2781546;161797;5.82;0.05;21634;0.36;8568251.76;110926.7;869748;3.2;174955;6.29
33;Brand Awareness Q1;Google Ads;2024-03-14;2024-03-26;Branding;Empresários;37171.93;9294788;209690;2.26;0.18;13506;2.75;2357028.66;6240.9;5052542;1.8;589235;6.34
34;Remarketing Abandono;Display;2024-06-20;2024-06-23;Retenção;Empresários;72789.14;21311981;235785;1.11;0.31;12177;5.98;983488.59;1251.1;14371786;1.5;558206;2.62
35;Influencer Collab;Instagram;2024-05-06;2024-06-13;Awareness;25-34 Digital;91200.05;14671256;646609;4.41;0.14;26988;3.38;2718243.27;2880.5;8593852;1.7;1517173;10.34
36;Live Commerce;YouTube Ads;2024-11-17;2024-12-01;Retenção;18-24 Urbano;10164.76;3078874;124418;4.04;0.08;16742;0.61;2668107.51;26148.6;1051207;2.9;362463;11.77
37;Back to School;YouTube Ads;2024-01-06;2024-02-17;Branding;18-24 Urbano;64513.3;11220733;359991;3.21;0.18;29453;2.19;5610545.83;8596.7;4301468;2.6;215569;1.92
38;New Collection;LinkedIn Ads;2024-09-11;2024-09-28;Conversão;Universitários;6213.23;1966122;50877;2.59;0.12;3190;1.95;419534.25;6652.3;1032459;1.9;152119;7.74
39;Seasonal Push;TikTok Ads;2024-02-12;2024-03-09;Branding;Empresários;92494.34;44779894;3387750;7.57;0.03;86575;1.07;28866370.7;31108.8;21452824;2.1;5924566;13.23
40;Brand Awareness Q1;E-mail Marketing;2024-08-03;2024-09-16;Awareness;25-34 Digital;74181.34;19059891;1393334;7.31;0.05;204977;0.36;50293674.4;67698.3;8705997;2.2;3210378;16.84
41;Natal Conectado;Display;2024-07-04;2024-07-15;Consideração;35-49 Família;61143.34;21574812;1146690;5.31;0.05;135189;0.45;22255795.82;36299.4;15080835;1.4;2475868;11.48
42;Brand Awareness Q1;Display;2024-06-13;2024-06-24;Awareness;Profissionais TI;68162.43;27530435;1643017;5.97;0.04;143230;0.48;66512935.84;97480.1;9593806;2.9;3552116;12.9
43;Influencer Collab;Podcast Ads;2024-09-21;2024-10-12;Conversão;Profissionais TI;83295.26;10612767;724964;6.83;0.11;104165;0.8;9490262.42;11293.5;3776793;2.8;642624;6.06
44;Carnaval Promo;Native Ads;2024-11-10;2024-11-19;Awareness;35-49 Família;86261.71;9031663;356979;3.95;0.24;23818;3.62;11788119.55;13565.5;6052043;1.5;380862;4.22
45;New Collection;Display;2024-12-26;2024-12-28;Awareness;35-49 Família;16919.8;1398423;33475;2.39;0.51;3303;5.12;1139148.56;6632.6;657000;2.1;21771;1.56
46;Loyalty Program;Google Ads;2024-09-09;2024-10-20;Retenção;18-24 Urbano;40401.06;2464712;169493;6.88;0.24;10833;3.73;1529978.94;3687.0;1662506;1.5;370644;15.04
47;Podcast Series;LinkedIn Ads;2024-10-17;2024-12-15;Branding;18-24 Urbano;25356.59;6236103;390758;6.27;0.06;38341;0.66;12908309.34;50807.1;3719791;1.7;197709;3.17
48;Black Friday 2024;Google Ads;2024-06-11;2024-07-02;Branding;Universitários;3419.98;272959;20055;7.35;0.17;766;4.46;104234.05;2947.8;166533;1.6;10736;3.93
49;Verão Digital;Meta Ads;2024-06-11;2024-06-25;Retenção;25-34 Digital;58713.79;20232469;1583921;7.83;0.04;150646;0.39;69872759.17;118905.7;6486461;3.1;1279418;6.32
50;Seasonal Push;E-mail Marketing;2024-10-10;2024-10-14;Branding;Universitários;56665.79;11185665;369435;3.3;0.15;33143;1.71;6543535.71;11447.6;6054296;1.8;684799;6.12
51;Referral Boost;Google Ads;2024-04-02;2024-04-16;Retenção;25-34 Digital;57963.27;5313841;233489;4.39;0.25;34763;1.67;3375818.7;5724.1;2376947;2.2;450354;8.48
52;Tech Launch;Instagram;2024-05-16;2024-05-25;Consideração;50+ Tradicional;27083.99;10622680;242942;2.29;0.11;22009;1.23;9875602.83;36362.9;3752719;2.8;579183;5.45
53;Carnaval Promo;E-mail Marketing;2024-01-16;2024-02-04;Awareness;50+ Tradicional;32486.97;16037525;1216780;7.59;0.03;138066;0.24;9063759.25;27799.7;10200649;1.6;736439;4.59
54;Lançamento App;YouTube Ads;2024-02-09;2024-02-10;Awareness;18-24 Urbano;16828.37;4481240;158227;3.53;0.11;11063;1.52;1746165.47;10276.3;2967554;1.5;124814;2.79
55;Podcast Series;E-mail Marketing;2024-12-03;2024-12-23;Awareness;35-49 Família;99719.92;27649590;1583703;5.73;0.06;126446;0.79;40707523.65;40721.9;10512108;2.6;2686489;9.72
56;Podcast Series;Display;2024-07-05;2024-07-10;Consideração;Empresários;73258.76;24566763;1070924;4.36;0.07;56456;1.3;9359839.26;12676.4;8360709;2.9;1410556;5.74
57;Content Hub;E-mail Marketing;2024-05-17;2024-06-15;Awareness;Universitários;61471.35;28822422;1439884;5.0;0.04;84511;0.73;29665070.17;48158.4;13032298;2.2;1601848;5.56
58;Carnaval Promo;Podcast Ads;2024-12-16;2024-12-21;Awareness;Profissionais TI;33310.03;15310360;380253;2.48;0.09;13376;2.49;6279135.22;18750.6;9073985;1.7;299891;1.96
59;Influencer Collab;Native Ads;2024-12-08;2024-12-17;Awareness;50+ Tradicional;85580.82;40481556;2639519;6.52;0.03;81104;1.06;21105574.41;24561.6;19032661;2.1;7308075;18.05
60;Referral Boost;LinkedIn Ads;2024-05-14;2024-06-01;Consideração;35-49 Família;72666.63;13710795;166612;1.22;0.44;8048;9.03;1090964.49;1401.3;6432768;2.1;189021;1.38
61;Lançamento App;E-mail Marketing;2024-12-08;2024-12-19;Awareness;Empresários;40323.32;19073210;1147184;6.01;0.04;112222;0.36;7959531.13;19639.3;10105561;1.9;1887274;9.89
62;Natal Conectado;LinkedIn Ads;2024-12-16;2024-12-20;Retenção;25-34 Digital;44203.98;15205251;219350;1.44;0.2;27240;1.62;3384651.36;7556.9;9000600;1.7;397545;2.61
63;Referral Boost;Meta Ads;2024-03-02;2024-03-08;Branding;18-24 Urbano;30724.38;9388529;420135;4.47;0.07;8610;3.57;2413772.88;7756.2;3398213;2.8;1173155;12.5
64;Content Hub;YouTube Ads;2024-04-04;2024-05-03;Conversão;Empresários;60833.55;15841562;302028;1.91;0.2;14360;4.24;4329606.53;7017.1;9156308;1.7;634911;4.01
65;Dia dos Pais;LinkedIn Ads;2024-09-15;2024-10-24;Retenção;18-24 Urbano;93087.25;28638756;986103;3.44;0.09;92033;1.01;19398932.53;20739.5;19360581;1.5;1941567;6.78
66;Carnaval Promo;Display;2024-09-03;2024-09-05;Branding;18-24 Urbano;11266.92;3060943;187061;6.11;0.06;23024;0.49;9498718.55;84206.3;1968549;1.6;156831;5.12
67;Tech Launch;Podcast Ads;2024-05-11;2024-06-07;Conversão;25-34 Digital;98538.7;37593917;2556116;6.8;0.04;66203;1.49;16457149.64;16601.2;20891255;1.8;4804256;12.78
68;Performance Q2;YouTube Ads;2024-10-07;2024-10-12;Awareness;Empresários;95992.62;28936269;1459207;5.04;0.07;150198;0.64;19369201.41;20077.8;17053945;1.7;2496173;8.63
69;Content Hub;LinkedIn Ads;2024-08-25;2024-09-28;Conversão;50+ Tradicional;82778.91;13287371;451712;3.4;0.18;29476;2.81;6499831.01;7752.0;5773355;2.3;829781;6.24
70;Content Hub;Native Ads;2024-06-05;2024-07-02;Branding;Universitários;37757.43;8498906;564581;6.64;0.07;46007;0.82;10487670.3;27676.4;5013136;1.7;657739;7.74
71;Performance Q2;Display;2024-06-25;2024-07-16;Awareness;35-49 Família;5360.59;2315925;122358;5.28;0.04;14842;0.36;2133582.81;39701.3;835605;2.8;125872;5.44
72;Live Commerce;YouTube Ads;2024-11-23;2024-12-21;Conversão;50+ Tradicional;74571.63;33123613;1746346;5.27;0.04;92314;0.81;5924171.93;7844.3;10565167;3.1;3386680;10.22
73;Brand Awareness Q1;Podcast Ads;2024-08-22;2024-09-27;Consideração;35-49 Família;60911.6;21432988;127274;0.59;0.48;15865;3.84;5871644.23;9539.6;10453637;2.1;284563;1.33
74;Remarketing Abandono;Native Ads;2024-10-11;2024-11-19;Awareness;35-49 Família;44568.92;16006565;127433;0.8;0.35;14647;3.04;6517386.63;14523.2;10565123;1.5;80274;0.5
75;Verão Digital;Instagram;2024-08-05;2024-09-17;Branding;50+ Tradicional;72335.14;25823864;1731161;6.7;0.04;141576;0.51;12372501.32;17004.4;15936586;1.6;1718359;6.65
76;Loyalty Program;Podcast Ads;2024-11-20;2024-11-26;Consideração;18-24 Urbano;10930.39;4948418;225183;4.55;0.05;15152;0.72;3706832.32;33813.1;2226225;2.2;333416;6.74
77;Seasonal Push;E-mail Marketing;2024-03-05;2024-03-21;Branding;Universitários;8945.71;4147938;308501;7.44;0.03;41359;0.22;12808396.3;143079.2;2106571;2.0;553271;13.34
78;Performance Q2;Meta Ads;2024-08-06;2024-08-27;Consideração;50+ Tradicional;84567.7;32641087;1477088;4.53;0.06;26176;3.23;10176844.66;11934.0;16036343;2.0;2065627;6.33
79;Loyalty Program;E-mail Marketing;2024-03-15;2024-04-26;Branding;35-49 Família;59643.03;4214743;97637;2.32;0.61;3262;18.28;1464795.22;2355.9;1726653;2.4;102954;2.44
80;Verão Digital;YouTube Ads;2024-12-07;2024-12-22;Consideração;25-34 Digital;48668.26;17234951;844790;4.9;0.06;105938;0.46;52745710.14;108278.0;6165898;2.8;2404943;13.95
81;Referral Boost;E-mail Marketing;2024-08-20;2024-08-27;Consideração;Universitários;4983.39;479341;15330;3.2;0.33;1255;3.97;316903.74;6259.2;215064;2.2;45067;9.4
82;Content Hub;Google Ads;2024-09-09;2024-10-09;Conversão;Universitários;75500.69;14433897;1006735;6.97;0.07;104875;0.72;50095082.38;66250.5;7027201;2.1;1786623;12.38
83;Content Hub;Instagram;2024-04-04;2024-04-27;Branding;Universitários;22021.67;10351536;802088;7.75;0.03;15514;1.42;1169276.89;5209.7;6863039;1.5;1372146;13.26
84;Live Commerce;Display;2024-05-19;2024-05-24;Branding;50+ Tradicional;35340.37;17124587;618935;3.61;0.06;51775;0.68;6677207.79;18794.0;10747288;1.6;1052755;6.15
85;Back to School;E-mail Marketing;2024-03-07;2024-03-07;Awareness;Profissionais TI;21604.01;3954707;287310;7.27;0.08;18765;1.15;3058209.4;14055.7;2451100;1.6;757780;19.16
86;Dia dos Pais;Native Ads;2024-07-02;2024-08-26;Awareness;25-34 Digital;33399.41;10861457;501362;4.62;0.07;70901;0.47;19440934.47;58107.4;4819518;2.3;784884;7.23
87;Black Friday 2024;LinkedIn Ads;2024-09-01;2024-09-17;Branding;Empresários;44629.18;15775316;1230962;7.8;0.04;150614;0.3;24035109.46;53755.1;5291364;3.0;1117141;7.08
88;Carnaval Promo;Native Ads;2024-12-16;2024-12-25;Branding;Universitários;98638.77;25396862;1475890;5.81;0.07;56067;1.76;9761308.98;9796.0;12910622;2.0;4177382;16.45
89;Tech Launch;TikTok Ads;2024-12-22;2024-12-22;Consideração;Empresários;83247.13;17232754;592423;3.44;0.14;84075;0.99;16140713.17;19288.9;7960787;2.2;1375025;7.98
90;Verão Digital;Podcast Ads;2024-06-09;2024-07-13;Awareness;18-24 Urbano;1948.78;135929;2275;1.67;0.86;149;13.08;41558.88;2032.6;63080;2.2;3906;2.87
91;Content Hub;Podcast Ads;2024-07-08;2024-08-05;Conversão;Empresários;21438.77;3442247;97099;2.82;0.22;11434;1.88;797361.17;3619.2;2362787;1.5;201575;5.86
92;Seasonal Push;LinkedIn Ads;2024-08-26;2024-09-09;Consideração;Empresários;89488.98;26635363;666608;2.5;0.13;28481;3.14;2704371.45;2922.0;14844275;1.8;1201262;4.51
93;Brand Awareness Q1;LinkedIn Ads;2024-06-17;2024-07-14;Branding;Universitários;17524.71;5042138;147839;2.93;0.12;10564;1.66;2879684.73;16332.1;2244926;2.2;195380;3.87
94;Dia dos Pais;Meta Ads;2024-12-09;2024-12-12;Conversão;50+ Tradicional;54788.94;12315423;921429;7.48;0.06;115015;0.48;48694062.37;88775.7;5832822;2.1;1329436;10.79
95;Influencer Collab;Podcast Ads;2024-07-12;2024-07-13;Consideração;25-34 Digital;88049.51;8001360;67365;0.84;1.31;6728;13.09;2082860.23;2265.6;2883617;2.8;143273;1.79
96;Dia das Mães;Instagram;2024-11-14;2024-12-04;Consideração;50+ Tradicional;63466.34;14712956;353599;2.4;0.18;24609;2.58;9971032.58;15610.7;6364032;2.3;1003357;6.82
97;New Collection;E-mail Marketing;2024-02-24;2024-03-17;Retenção;50+ Tradicional;89336.46;41799821;213808;0.51;0.42;25690;3.48;10996799.06;12209.4;12579622;3.3;415920;1.0
98;Live Commerce;E-mail Marketing;2024-09-06;2024-09-12;Retenção;Universitários;62753.26;11587893;533851;4.61;0.12;22140;2.83;2498684.1;3881.8;6883778;1.7;1173735;10.13
99;Performance Q2;TikTok Ads;2024-12-01;2024-12-12;Conversão;Profissionais TI;47212.48;4213152;47215;1.12;1.0;3832;12.32;456001.18;865.8;2730737;1.5;24214;0.57
100;Loyalty Program;Google Ads;2024-02-06;2024-02-10;Retenção;35-49 Família;60591.25;24243991;1657618;6.84;0.04;57403;1.06;8157999.35;13364.0;14229686;1.7;1084546;4.47
101;Referral Boost;YouTube Ads;2024-09-03;2024-10-11;Retenção;18-24 Urbano;8903.44;2593139;192433;7.42;0.05;28245;0.32;8447127.28;94774.9;1723171;1.5;514959;19.86
102;Dia dos Pais;LinkedIn Ads;2024-11-21;2024-11-26;Branding;50+ Tradicional;80231.87;18433420;933117;5.06;0.09;12959;6.19;724438.41;802.9;7972276;2.3;2656464;14.41
103;New Collection;Google Ads;2024-03-23;2024-04-21;Retenção;Profissionais TI;59789.8;11883447;133947;1.13;0.45;10170;5.88;2732819.7;4470.7;4575317;2.6;304015;2.56
104;Content Hub;Podcast Ads;2024-06-18;2024-07-09;Consideração;Profissionais TI;76220.28;37209366;2860735;7.69;0.03;126030;0.6;36039711.38;47183.6;19183392;1.9;3057731;8.22
105;Natal Conectado;Display;2024-07-09;2024-07-18;Awareness;18-24 Urbano;51169.91;7975597;628157;7.88;0.08;43356;1.18;19608736.06;38220.8;3527840;2.3;1051530;13.18
106;Dia dos Pais;TikTok Ads;2024-05-05;2024-06-24;Retenção;35-49 Família;49201.24;24384182;782180;3.21;0.06;66446;0.74;5699663.34;11484.4;11338092;2.2;1362214;5.59
107;Podcast Series;LinkedIn Ads;2024-03-14;2024-03-15;Awareness;25-34 Digital;10080.2;3160664;209578;6.63;0.05;15347;0.66;3596022.45;35574.1;1371178;2.3;479104;15.16
108;Live Commerce;LinkedIn Ads;2024-12-01;2024-12-18;Branding;50+ Tradicional;61637.15;10496250;291918;2.78;0.21;35420;1.74;15473240.71;25003.8;3766656;2.8;668274;6.37
109;Black Friday 2024;Native Ads;2024-11-17;2024-12-03;Consideração;Universitários;26083.67;9259884;180050;1.94;0.14;16028;1.63;4944922.01;18857.9;5334659;1.7;160604;1.73
110;Loyalty Program;TikTok Ads;2024-08-16;2024-09-24;Retenção;25-34 Digital;62940.13;7628227;550162;7.21;0.11;22196;2.84;9302983.2;14680.7;5233034;1.5;971459;12.74
111;Carnaval Promo;Meta Ads;2024-12-01;2024-12-28;Branding;50+ Tradicional;97142.78;18637994;111907;0.6;0.87;6565;14.8;1737577.14;1688.7;7437211;2.5;317377;1.7
112;Tech Launch;Native Ads;2024-09-17;2024-10-13;Retenção;25-34 Digital;84225.66;40562566;891850;2.2;0.09;127350;0.66;56546507.78;67036.9;19672726;2.1;679146;1.67
113;Referral Boost;Meta Ads;2024-01-09;2024-01-10;Retenção;50+ Tradicional;85650.69;24644319;846802;3.44;0.1;43108;1.99;15195957.61;17641.8;9783638;2.5;2111260;8.57
114;Carnaval Promo;Google Ads;2024-05-02;2024-06-18;Consideração;35-49 Família;98512.26;40446322;2967367;7.34;0.03;232531;0.42;69818118.16;70772.5;22477735;1.8;4963290;12.27
115;Black Friday 2024;TikTok Ads;2024-07-13;2024-07-24;Retenção;25-34 Digital;77115.8;4327335;222559;5.14;0.35;31532;2.45;12689954.14;16355.7;1846391;2.3;637859;14.74
116;Carnaval Promo;Google Ads;2024-11-03;2024-11-14;Awareness;18-24 Urbano;62391.34;15299360;213184;1.39;0.29;7202;8.66;693670.91;1011.8;8344759;1.8;116860;0.76
117;Content Hub;TikTok Ads;2024-11-06;2024-12-05;Consideração;18-24 Urbano;98705.03;27550394;239318;0.87;0.41;25263;3.91;3091670.92;3032.2;15333159;1.8;534483;1.94
118;Remarketing Abandono;Podcast Ads;2024-08-07;2024-09-16;Branding;Profissionais TI;10920.25;1352833;47512;3.51;0.23;3414;3.2;744978.72;6722.0;525866;2.6;88053;6.51
119;Loyalty Program;Podcast Ads;2024-04-04;2024-05-25;Conversão;Profissionais TI;51017.67;17979585;1437434;7.99;0.04;62041;0.82;27599377.96;53997.7;8259336;2.2;3264942;18.16
120;Carnaval Promo;Instagram;2024-09-19;2024-10-18;Consideração;Profissionais TI;11818.94;5343229;304751;5.7;0.04;40274;0.29;12272688.17;103739.2;2274143;2.3;592651;11.09
121;Content Hub;Google Ads;2024-10-12;2024-12-22;Conversão;Profissionais TI;77200.54;34872563;2275349;6.52;0.03;140277;0.55;58574727.75;75773.5;16805684;2.1;2017027;5.78
122;Performance Q2;Instagram;2024-09-27;2024-09-28;Branding;Universitários;12228.9;5050671;303699;6.01;0.04;34956;0.35;9833943.92;80315.6;2277792;2.2;579950;11.48
123;Brand Awareness Q1;Meta Ads;2024-02-03;2024-03-02;Retenção;Universitários;78723.18;24806949;1504498;6.06;0.05;182456;0.43;9965918.91;12559.4;13296379;1.9;1115954;4.5
124;Influencer Collab;Instagram;2024-08-01;2024-09-22;Retenção;25-34 Digital;56988.48;17033274;767338;4.5;0.07;108850;0.52;8680659.91;15132.3;5550217;3.1;452744;2.66
125;Podcast Series;Display;2024-01-21;2024-02-03;Branding;Empresários;48265.49;20298212;972843;4.79;0.05;98973;0.49;27325910.07;56515.8;9707091;2.1;1166988;5.75
126;Loyalty Program;LinkedIn Ads;2024-05-02;2024-05-27;Awareness;25-34 Digital;24794.01;9469892;545853;5.76;0.05;18849;1.32;1186569.15;4685.7;3448833;2.7;770577;8.14
127;Lançamento App;Display;2024-02-25;2024-04-14;Retenção;35-49 Família;81133.86;29959505;1739727;5.81;0.05;123866;0.66;19924885.9;24458.0;18996769;1.6;3841974;12.82
128;Performance Q2;Meta Ads;2024-05-23;2024-05-24;Retenção;25-34 Digital;78378.8;29926507;200467;0.67;0.39;15274;5.13;6025523.75;7587.7;18692610;1.6;214231;0.72
129;Carnaval Promo;Meta Ads;2024-03-22;2024-04-15;Branding;Empresários;52423.64;9362754;319961;3.42;0.16;44544;1.18;8438956.3;15997.6;4270012;2.2;877860;9.38
130;Back to School;YouTube Ads;2024-04-17;2024-04-25;Consideração;Empresários;68723.29;12548715;853221;6.8;0.08;66572;1.03;29359992.5;42622.0;8403583;1.5;1453163;11.58
131;Carnaval Promo;LinkedIn Ads;2024-05-04;2024-06-26;Retenção;Universitários;10876.06;3641299;271894;7.47;0.04;13272;0.82;3132175.08;28698.8;1564044;2.3;740014;20.32
132;Verão Digital;Native Ads;2024-04-03;2024-05-11;Consideração;Universitários;42422.45;17668789;340723;1.93;0.12;30134;1.41;3503339.61;8158.2;5775756;3.1;239650;1.36
133;Content Hub;Meta Ads;2024-03-22;2024-04-06;Retenção;35-49 Família;33269.05;4395982;325578;7.41;0.1;36955;0.9;3024530.13;8991.1;1539661;2.9;823943;18.74
134;New Collection;Display;2024-01-21;2024-02-07;Awareness;Empresários;38735.71;12518191;363449;2.9;0.11;6235;6.21;999928.78;2481.4;4078756;3.1;659715;5.27
135;Referral Boost;YouTube Ads;2024-11-14;2024-12-24;Awareness;50+ Tradicional;34418.0;11171093;468493;4.19;0.07;45852;0.75;7751929.59;22422.9;6160229;1.8;1388376;12.43
136;Black Friday 2024;Meta Ads;2024-03-09;2024-04-07;Branding;50+ Tradicional;32452.77;11424446;740539;6.48;0.04;13286;2.44;6376217.82;19547.7;4828150;2.4;915224;8.01
137;Remarketing Abandono;LinkedIn Ads;2024-06-15;2024-07-06;Awareness;50+ Tradicional;42106.63;9793769;465744;4.76;0.09;19698;2.14;7313637.61;17269.3;5983333;1.6;926730;9.46
138;Loyalty Program;Instagram;2024-04-21;2024-06-03;Consideração;25-34 Digital;75966.42;22772465;1775950;7.8;0.04;67453;1.13;23472983.81;30799.2;7450395;3.1;2101818;9.23
139;Live Commerce;Google Ads;2024-12-07;2024-12-18;Conversão;18-24 Urbano;65090.8;15857000;645556;4.07;0.1;19709;3.3;3995918.66;6039.0;7463675;2.1;1704983;10.75
140;Podcast Series;E-mail Marketing;2024-01-06;2024-02-25;Conversão;25-34 Digital;79811.98;20152091;338915;1.68;0.24;35592;2.24;4773628.99;5881.1;11209857;1.8;276283;1.37
141;Carnaval Promo;Display;2024-02-11;2024-03-12;Conversão;25-34 Digital;19052.67;1498136;11785;0.79;1.62;1240;15.37;516017.55;2608.4;606044;2.5;20282;1.35
142;New Collection;LinkedIn Ads;2024-09-17;2024-09-18;Awareness;Profissionais TI;44008.43;21206168;1068698;5.04;0.04;56577;0.78;16135023.56;36563.5;9126959;2.3;1832808;8.64
143;Carnaval Promo;Display;2024-04-12;2024-04-26;Awareness;35-49 Família;46137.84;3035094;125192;4.12;0.37;4626;9.97;1505254.31;3162.5;1787825;1.7;127972;4.22
144;Podcast Series;Instagram;2024-05-08;2024-05-17;Consideração;Empresários;73955.13;28561162;1681969;5.89;0.04;202878;0.36;93826705.36;126769.8;11936428;2.4;1868002;6.54
145;Verão Digital;TikTok Ads;2024-03-25;2024-04-26;Branding;50+ Tradicional;10381.9;3074586;51274;1.67;0.2;5374;1.93;1594768.27;15261.0;2095526;1.5;120587;3.92
146;Black Friday 2024;YouTube Ads;2024-01-08;2024-02-24;Retenção;35-49 Família;92508.41;35011640;352357;1.01;0.26;39155;2.36;9391281.45;10051.8;17529337;2.0;1008871;2.88
147;Loyalty Program;Instagram;2024-12-08;2024-12-23;Conversão;Empresários;80285.25;13374653;598683;4.48;0.13;85696;0.94;27213811.99;33796.4;6901827;1.9;870009;6.5
148;New Collection;LinkedIn Ads;2024-06-12;2024-07-14;Awareness;18-24 Urbano;17305.79;4112656;247164;6.01;0.07;27344;0.63;4966939.42;28601.0;1438714;2.9;723086;17.58
149;Brand Awareness Q1;Native Ads;2024-10-11;2024-10-12;Retenção;Universitários;89442.12;25424966;1113407;4.38;0.08;51521;1.74;15772424.27;17534.2;13778593;1.8;1604581;6.31
150;Back to School;TikTok Ads;2024-07-04;2024-08-11;Retenção;25-34 Digital;81867.68;15883713;467632;2.94;0.18;16611;4.93;1393650.9;1602.3;8432390;1.9;1102167;6.94
151;Remarketing Abandono;YouTube Ads;2024-12-08;2024-12-21;Consideração;50+ Tradicional;4961.94;1087727;8796;0.81;0.56;864;5.74;397120.33;7903.3;399551;2.7;11362;1.04
152;Live Commerce;TikTok Ads;2024-12-16;2024-12-25;Retenção;Empresários;66547.17;7283231;477940;6.56;0.14;16944;3.93;5479758.1;8134.4;4930707;1.5;241995;3.32
153;Referral Boost;LinkedIn Ads;2024-04-02;2024-04-24;Branding;Universitários;95559.62;30669378;513854;1.68;0.19;36301;2.63;2243631.15;2247.9;18465556;1.7;853621;2.78
154;Dia dos Pais;YouTube Ads;2024-02-06;2024-03-23;Conversão;35-49 Família;16876.64;7436216;250221;3.36;0.07;30272;0.56;4984981.04;29437.8;3035693;2.4;383305;5.15
155;Brand Awareness Q1;YouTube Ads;2024-09-06;2024-09-25;Awareness;Profissionais TI;10660.4;3323220;114291;3.44;0.09;6175;1.73;1680121.23;15660.4;1105174;3.0;133386;4.01
156;Carnaval Promo;Google Ads;2024-06-14;2024-07-13;Consideração;Universitários;2349.54;928312;67697;7.29;0.03;8842;0.27;934179.32;39660.1;613142;1.5;62996;6.79
157;Remarketing Abandono;Native Ads;2024-05-25;2024-06-06;Retenção;50+ Tradicional;44731.98;13786007;158273;1.15;0.28;7519;5.95;2138033.36;4679.7;9044644;1.5;103048;0.75
158;Content Hub;E-mail Marketing;2024-07-28;2024-08-04;Conversão;Empresários;84933.44;18269608;170269;0.93;0.5;23964;3.54;10748246.75;12554.9;6587680;2.8;380803;2.08
159;Carnaval Promo;Google Ads;2024-12-12;2024-12-13;Consideração;Profissionais TI;26102.8;5673816;71871;1.27;0.36;5595;4.67;802311.58;2973.7;3890052;1.5;44409;0.78
160;Back to School;Native Ads;2024-11-13;2024-12-15;Awareness;25-34 Digital;29907.14;7915273;523872;6.62;0.06;17882;1.67;4045082.33;13425.5;2860185;2.8;933703;11.8
161;Influencer Collab;YouTube Ads;2024-07-26;2024-08-23;Awareness;Profissionais TI;82763.47;26407068;1813418;6.87;0.05;121931;0.68;59272891.68;71517.2;14381984;1.8;2022185;7.66
162;Lançamento App;TikTok Ads;2024-09-21;2024-10-15;Awareness;Universitários;58714.95;15242780;443540;2.91;0.13;23401;2.51;4031923.24;6766.9;6930527;2.2;722079;4.74
163;Seasonal Push;YouTube Ads;2024-03-16;2024-05-05;Retenção;18-24 Urbano;18747.53;6905757;136578;1.98;0.14;20189;0.93;6930398.79;36867.0;2213917;3.1;378484;5.48
164;Lançamento App;Meta Ads;2024-03-16;2024-04-14;Conversão;18-24 Urbano;63244.11;12424925;434714;3.5;0.15;52596;1.2;22303177.36;35165.2;6142896;2.0;1010150;8.13
165;Tech Launch;Display;2024-01-08;2024-01-14;Consideração;50+ Tradicional;74305.98;33186950;461757;1.39;0.16;20960;3.55;1309948.79;1662.9;13366969;2.5;1325037;3.99
166;Verão Digital;Instagram;2024-07-06;2024-07-17;Branding;35-49 Família;4840.57;627082;8232;1.31;0.59;1154;4.19;172487.1;3463.4;334212;1.9;22139;3.53
167;Influencer Collab;Native Ads;2024-04-17;2024-05-23;Consideração;18-24 Urbano;21523.75;4785907;333773;6.97;0.06;21740;0.99;9414243.91;43638.9;1876544;2.6;874350;18.27
168;Carnaval Promo;Instagram;2024-05-01;2024-07-01;Retenção;50+ Tradicional;66663.11;5634578;323498;5.74;0.21;22805;2.92;4377185.77;6466.1;2003233;2.8;338718;6.01
169;Remarketing Abandono;YouTube Ads;2024-06-11;2024-07-21;Conversão;Universitários;6463.04;2496073;193760;7.76;0.03;22231;0.29;11018631.47;170386.8;1656666;1.5;435291;17.44
170;Dia das Mães;Podcast Ads;2024-12-12;2024-12-19;Conversão;25-34 Digital;81868.64;4641076;193384;4.17;0.42;22856;3.58;5585284.13;6722.3;2488468;1.9;578207;12.46
171;Black Friday 2024;E-mail Marketing;2024-08-13;2024-09-08;Awareness;25-34 Digital;19932.78;6329212;163558;2.58;0.12;22633;0.88;2481405.71;12348.9;1972159;3.2;224503;3.55
172;Dia das Mães;Google Ads;2024-09-05;2024-09-09;Retenção;Empresários;85746.34;29430479;381371;1.3;0.22;20806;4.12;5156210.88;5913.3;11107266;2.6;948329;3.22
173;Carnaval Promo;Podcast Ads;2024-12-10;2024-12-17;Awareness;25-34 Digital;20155.17;4489465;352311;7.85;0.06;10652;1.89;4790239.47;23666.8;1388618;3.2;478243;10.65
174;Dia dos Pais;Native Ads;2024-05-13;2024-05-23;Awareness;25-34 Digital;73182.21;26575623;502099;1.89;0.15;23969;3.05;10475313.15;14214.0;8372435;3.2;268294;1.01
175;Tech Launch;YouTube Ads;2024-11-11;2024-12-26;Awareness;Profissionais TI;89506.95;16893621;492559;2.92;0.18;73315;1.22;33612382.15;37452.8;9780122;1.7;688110;4.07
176;Performance Q2;Meta Ads;2024-01-16;2024-02-17;Retenção;Universitários;19266.43;4343341;118919;2.74;0.16;4779;4.03;1984924.46;10202.5;2949950;1.5;135706;3.12
177;Content Hub;YouTube Ads;2024-10-28;2024-11-25;Consideração;50+ Tradicional;21564.24;10188095;184134;1.81;0.12;18849;1.14;6439909.08;29763.8;4579722;2.2;170897;1.68
178;Brand Awareness Q1;E-mail Marketing;2024-12-15;2024-12-21;Branding;50+ Tradicional;18496.81;3441122;184316;5.36;0.1;24789;0.75;1296128.38;6907.3;1899609;1.8;117424;3.41
179;Seasonal Push;Google Ads;2024-04-01;2024-05-17;Awareness;Empresários;28794.05;11643949;647989;5.57;0.04;89422;0.32;33979458.64;117908.6;6032832;1.9;941522;8.09
180;Content Hub;Google Ads;2024-04-15;2024-04-22;Consideração;Universitários;38556.4;18429514;902628;4.9;0.04;38099;1.01;12677490.68;32780.4;11173659;1.6;1131136;6.14
181;Dia dos Pais;TikTok Ads;2024-08-20;2024-09-21;Conversão;Empresários;34925.48;13278792;146228;1.1;0.24;21134;1.65;8674452.57;24737.0;5332404;2.5;200397;1.51
182;Tech Launch;YouTube Ads;2024-07-21;2024-08-05;Consideração;Universitários;22002.34;9260966;680067;7.34;0.03;85132;0.26;40737124.13;185049.1;5790291;1.6;616930;6.66
183;Content Hub;Native Ads;2024-06-04;2024-06-15;Branding;Universitários;11769.61;4595520;121248;2.64;0.1;17981;0.65;5719769.39;48497.8;1717549;2.7;243635;5.3
184;Referral Boost;Google Ads;2024-03-06;2024-03-12;Branding;25-34 Digital;33320.05;12883696;520685;4.04;0.06;63292;0.53;19147508.16;57365.4;5486859;2.3;409741;3.18
185;Loyalty Program;YouTube Ads;2024-01-09;2024-02-17;Retenção;Empresários;65045.18;11205800;107459;0.96;0.61;13590;4.79;3327601.61;5015.8;3869656;2.9;132240;1.18
186;Lançamento App;Podcast Ads;2024-09-13;2024-10-01;Branding;18-24 Urbano;40254.76;9943280;560303;5.63;0.07;38496;1.05;10648322.55;26352.3;5843294;1.7;968858;9.74
187;Podcast Series;Instagram;2024-03-21;2024-04-07;Retenção;Universitários;74722.31;26517903;1304174;4.92;0.06;95254;0.78;45207914.18;60401.2;14636796;1.8;2226389;8.4
188;Black Friday 2024;Display;2024-01-11;2024-02-15;Retenção;50+ Tradicional;18804.67;2645883;174401;6.59;0.11;4253;4.42;271997.64;1346.4;1179025;2.2;369773;13.98
189;Tech Launch;YouTube Ads;2024-08-18;2024-09-26;Conversão;25-34 Digital;70103.35;24214296;1762919;7.28;0.04;36802;1.9;17446170.71;24786.4;8499653;2.8;3693349;15.25
190;Tech Launch;TikTok Ads;2024-12-08;2024-12-25;Retenção;50+ Tradicional;62687.63;15351496;779965;5.08;0.08;82601;0.76;23237450.31;36968.6;9372855;1.6;1326860;8.64
191;Content Hub;Podcast Ads;2024-10-01;2024-11-07;Consideração;18-24 Urbano;42043.96;15397757;1072039;6.96;0.04;120388;0.35;49272591.88;117093.0;8714202;1.8;2073938;13.47
192;Performance Q2;LinkedIn Ads;2024-01-16;2024-01-27;Awareness;25-34 Digital;11740.15;4723455;262723;5.56;0.04;13487;0.87;5421493.88;46079.1;2558070;1.8;584351;12.37
193;Loyalty Program;Podcast Ads;2024-06-02;2024-06-07;Awareness;Profissionais TI;86600.43;41046846;3229407;7.87;0.03;365862;0.24;58857594.66;67864.6;15154387;2.7;6900559;16.81
194;Natal Conectado;Display;2024-10-19;2024-11-10;Retenção;Empresários;13350.16;6011339;397075;6.61;0.03;35599;0.38;5136364.21;38374.2;2644219;2.3;1092244;18.17
195;Brand Awareness Q1;YouTube Ads;2024-03-24;2024-04-24;Awareness;18-24 Urbano;43589.16;7198960;553568;7.69;0.08;17492;2.49;7456398.6;17006.1;2884216;2.5;427617;5.94
196;Carnaval Promo;LinkedIn Ads;2024-10-11;2024-10-14;Consideração;50+ Tradicional;99338.34;42012175;1574938;3.75;0.06;226301;0.44;56078223.24;56351.7;28026748;1.5;3687975;8.78
197;Podcast Series;Meta Ads;2024-10-19;2024-10-25;Branding;35-49 Família;44084.92;12086901;135113;1.12;0.33;5732;7.69;1130844.71;2465.2;8302793;1.5;289216;2.39
198;Seasonal Push;Podcast Ads;2024-11-08;2024-11-24;Retenção;Profissionais TI;29483.26;12808030;638709;4.99;0.05;19890;1.48;2387135.14;7996.6;5385087;2.4;836447;6.53
199;Black Friday 2024;YouTube Ads;2024-05-19;2024-06-25;Awareness;Profissionais TI;39579.14;3453408;183981;5.33;0.22;13494;2.93;5265759.91;13204.4;1106065;3.1;312249;9.04
200;Remarketing Abandono;YouTube Ads;2024-07-08;2024-07-24;Awareness;Universitários;83111.78;11561611;82782;0.72;1.0;2269;36.63;702679.83;745.5;7446404;1.6;132309;1.14
201;Live Commerce;Display;2024-01-17;2024-02-26;Retenção;18-24 Urbano;5149.4;520629;34172;6.56;0.15;1097;4.69;516172.33;9923.9;234189;2.2;71746;13.78
202;Tech Launch;Google Ads;2024-10-23;2024-11-02;Conversão;18-24 Urbano;88961.53;8724977;494884;5.67;0.18;29975;2.97;5331598.74;5893.2;4844106;1.8;1015198;11.64
203;Dia das Mães;LinkedIn Ads;2024-11-27;2024-12-14;Conversão;Profissionais TI;79388.53;9928330;748967;7.54;0.11;41057;1.93;4208936.21;5201.7;3477735;2.9;841027;8.47
204;Remarketing Abandono;TikTok Ads;2024-06-05;2024-06-12;Consideração;25-34 Digital;21070.27;4205074;112859;2.68;0.19;7937;2.65;1292994.94;6036.6;1561484;2.7;337929;8.04
205;Back to School;LinkedIn Ads;2024-07-18;2024-08-25;Retenção;25-34 Digital;72842.02;22214814;517244;2.33;0.14;58680;1.24;23479524.45;32133.5;9155693;2.4;678093;3.05
206;Remarketing Abandono;Native Ads;2024-02-01;2024-03-03;Awareness;Profissionais TI;33683.47;1797649;74774;4.16;0.45;6455;5.22;2115580.08;6180.8;771924;2.3;158327;8.81
207;Natal Conectado;YouTube Ads;2024-06-03;2024-06-10;Conversão;Empresários;12134.94;5078109;55827;1.1;0.22;8055;1.51;3898382.7;32025.3;1695509;3.0;126619;2.49
208;Natal Conectado;Instagram;2024-11-15;2024-11-20;Conversão;50+ Tradicional;14184.31;1647728;70573;4.28;0.2;5312;2.67;1336131.74;9319.8;500054;3.3;134542;8.17
209;Tech Launch;Google Ads;2024-03-03;2024-03-11;Consideração;Universitários;34706.91;17211629;744512;4.33;0.05;45060;0.77;15317164.05;44032.9;10869314;1.6;2157512;12.54
210;Brand Awareness Q1;E-mail Marketing;2024-11-05;2024-12-12;Branding;35-49 Família;92720.9;21683489;245441;1.13;0.38;20766;4.47;6222938.79;6611.5;6953154;3.1;524673;2.42
211;Brand Awareness Q1;YouTube Ads;2024-02-09;2024-03-22;Awareness;35-49 Família;14962.92;6888721;472712;6.86;0.03;13691;1.09;5976579.98;39842.6;3085110;2.2;1042217;15.13
212;Content Hub;YouTube Ads;2024-07-04;2024-07-13;Conversão;25-34 Digital;68359.44;18869984;1353468;7.17;0.05;185665;0.37;49808789.38;72763.1;12383204;1.5;1777274;9.42
213;Remarketing Abandono;Instagram;2024-08-21;2024-08-24;Branding;25-34 Digital;64721.15;20181421;791864;3.92;0.08;8387;7.72;3445237.76;5223.2;13796082;1.5;1199570;5.94
214;Remarketing Abandono;Meta Ads;2024-04-10;2024-05-03;Awareness;Empresários;8450.57;2447377;31494;1.29;0.27;1162;7.27;539702.61;6286.6;1323724;1.8;80380;3.28
215;Content Hub;E-mail Marketing;2024-11-10;2024-11-16;Retenção;50+ Tradicional;32890.77;9388971;107566;1.15;0.31;12233;2.69;4784432.76;14446.4;6279290;1.5;202582;2.16
216;Podcast Series;Meta Ads;2024-04-01;2024-04-09;Retenção;25-34 Digital;22964.15;3229710;192532;5.96;0.12;23817;0.96;5295388.17;22959.4;2230223;1.4;181289;5.61
217;Black Friday 2024;Google Ads;2024-03-24;2024-04-08;Consideração;18-24 Urbano;66123.58;31250813;1033073;3.31;0.06;78159;0.85;4331871.49;6451.2;10238473;3.1;2158114;6.91
218;Influencer Collab;YouTube Ads;2024-04-05;2024-05-03;Consideração;Profissionais TI;46975.08;4188949;329949;7.88;0.14;46246;1.02;4528958.73;9541.2;2735318;1.5;668405;15.96
219;New Collection;TikTok Ads;2024-04-11;2024-05-07;Awareness;25-34 Digital;53614.59;26234674;552370;2.11;0.1;52800;1.02;10912352.08;20253.3;12427062;2.1;487332;1.86
220;Dia dos Pais;YouTube Ads;2024-11-14;2024-11-25;Conversão;Empresários;45028.82;6770899;171826;2.54;0.26;23288;1.93;4451726.06;9786.4;2706499;2.5;429509;6.34
221;Live Commerce;Instagram;2024-01-04;2024-01-07;Branding;Empresários;43764.67;10102212;66762;0.66;0.66;5958;7.35;930523.9;2026.2;4981740;2.0;192260;1.9
222;Lançamento App;Meta Ads;2024-04-03;2024-04-17;Awareness;18-24 Urbano;47696.79;5193661;403155;7.76;0.12;4854;9.83;2238182.22;4592.5;1580045;3.3;928163;17.87
223;Performance Q2;Google Ads;2024-10-14;2024-11-14;Branding;Universitários;87267.98;28363504;1124680;3.97;0.08;85960;1.02;41572674.13;47537.9;17613112;1.6;2800139;9.87
224;Dia dos Pais;LinkedIn Ads;2024-07-01;2024-07-17;Consideração;35-49 Família;49199.89;22173024;521180;2.35;0.09;8341;5.9;2129751.37;4228.8;13586500;1.6;1456251;6.57
225;Dia dos Pais;Podcast Ads;2024-09-04;2024-09-07;Awareness;50+ Tradicional;43189.72;2188149;77261;3.53;0.56;10295;4.2;1013724.96;2247.1;1312144;1.7;225579;10.31
226;Dia das Mães;Native Ads;2024-02-02;2024-03-11;Consideração;50+ Tradicional;7887.15;3753246;224897;5.99;0.04;30347;0.26;8718052.81;110434.9;1295370;2.9;466880;12.44
227;Dia dos Pais;Google Ads;2024-02-09;2024-02-24;Conversão;Empresários;88849.11;37464561;1981573;5.29;0.04;58577;1.52;13223473.47;14783.1;11779207;3.2;3064655;8.18
228;Seasonal Push;E-mail Marketing;2024-05-18;2024-05-27;Consideração;25-34 Digital;27598.82;5061060;307496;6.08;0.09;25087;1.1;3811066.06;13708.8;1924171;2.6;689243;13.62
229;Dia das Mães;TikTok Ads;2024-07-01;2024-07-07;Awareness;35-49 Família;2640.22;661385;13392;2.02;0.2;1734;1.52;253019.91;9483.3;330547;2.0;22287;3.37
230;Brand Awareness Q1;YouTube Ads;2024-11-21;2024-12-13;Awareness;18-24 Urbano;64908.73;23522085;343559;1.46;0.19;10976;5.91;5441105.51;8282.7;11952020;2.0;353838;1.5
231;Dia das Mães;E-mail Marketing;2024-10-04;2024-11-08;Conversão;Universitários;1780.97;730624;37921;5.19;0.05;5126;0.35;370559.03;20706.6;286756;2.5;65954;9.03
232;Content Hub;Display;2024-06-25;2024-07-01;Retenção;25-34 Digital;57547.5;23653913;136111;0.58;0.42;4938;11.65;463317.52;705.1;15604164;1.5;309986;1.31
233;Carnaval Promo;Google Ads;2024-06-10;2024-06-23;Awareness;50+ Tradicional;49372.23;22023679;1705443;7.74;0.03;244337;0.2;69927220.45;141532.7;10567922;2.1;3758345;17.07
234;Brand Awareness Q1;YouTube Ads;2024-08-10;2024-08-18;Awareness;Universitários;69946.91;14867141;895600;6.02;0.08;104686;0.67;46927563.13;66990.3;9300778;1.6;2287946;15.39
235;Seasonal Push;E-mail Marketing;2024-10-06;2024-11-20;Conversão;35-49 Família;96625.56;33970631;391649;1.15;0.25;30845;3.13;11906070.67;12221.9;15010871;2.3;596228;1.76
236;New Collection;Podcast Ads;2024-02-05;2024-02-24;Awareness;35-49 Família;99355.68;7572924;68443;0.9;1.45;4796;20.72;1987455.79;1900.3;3966002;1.9;169151;2.23
237;Content Hub;Podcast Ads;2024-11-09;2024-11-10;Awareness;18-24 Urbano;21104.6;8160732;274638;3.37;0.08;33674;0.63;15431412.94;73018.7;2780660;2.9;460843;5.65
238;Verão Digital;TikTok Ads;2024-01-23;2024-02-03;Consideração;Universitários;38352.03;8998442;72581;0.81;0.53;3950;9.71;1297289.78;3282.6;3060157;2.9;208611;2.32
239;Influencer Collab;Native Ads;2024-09-08;2024-10-13;Consideração;Universitários;21835.31;5413078;88018;1.63;0.25;9842;2.22;4711222.47;21476.2;1693317;3.2;247056;4.56
240;Tech Launch;Google Ads;2024-02-11;2024-03-23;Retenção;Profissionais TI;30171.33;11145563;542179;4.86;0.06;31704;0.95;2396775.73;7843.9;4569071;2.4;567613;5.09
241;Content Hub;Meta Ads;2024-04-01;2024-04-02;Conversão;Profissionais TI;15557.97;3254697;43050;1.32;0.36;1315;11.83;186564.38;1099.2;1153103;2.8;30186;0.93
242;New Collection;E-mail Marketing;2024-06-19;2024-07-04;Retenção;Universitários;38822.57;19131258;266137;1.39;0.15;25701;1.51;10862839.44;27880.7;6310456;3.0;180697;0.94
243;Seasonal Push;Meta Ads;2024-06-13;2024-07-24;Conversão;Universitários;96663.07;10479010;444638;4.24;0.22;39161;2.47;17932554.03;18451.6;6893016;1.5;309514;2.95
244;Lançamento App;Display;2024-11-03;2024-12-10;Retenção;18-24 Urbano;87103.81;5747403;424994;7.39;0.2;11541;7.55;4002194.42;4494.7;2922251;2.0;327289;5.69
245;Performance Q2;Display;2024-07-15;2024-08-09;Branding;Profissionais TI;40470.37;3722109;73013;1.96;0.55;5357;7.55;1654891.09;3989.1;2348904;1.6;179035;4.81
246;Content Hub;YouTube Ads;2024-02-20;2024-03-13;Consideração;Empresários;91998.7;24415566;930896;3.81;0.1;64808;1.42;8139292.5;8747.2;10762400;2.3;1843324;7.55
247;Influencer Collab;Meta Ads;2024-11-17;2024-11-22;Retenção;25-34 Digital;7368.9;2348319;124812;5.31;0.06;5057;1.46;1483577.97;20033.0;1182065;2.0;147907;6.3
248;Seasonal Push;E-mail Marketing;2024-11-17;2024-12-08;Retenção;50+ Tradicional;21523.9;1356422;88976;6.56;0.24;8473;2.54;2164246.09;9955.1;892528;1.5;69836;5.15
249;Tech Launch;LinkedIn Ads;2024-09-16;2024-09-19;Conversão;18-24 Urbano;17718.5;6004931;169404;2.82;0.1;7495;2.36;1449320.53;8079.7;3950690;1.5;503923;8.39
250;Seasonal Push;E-mail Marketing;2024-04-18;2024-05-25;Consideração;25-34 Digital;13657.32;4212928;35254;0.84;0.39;2011;6.79;640681.04;4591.1;2537271;1.7;51988;1.23
251;Lançamento App;LinkedIn Ads;2024-03-04;2024-03-27;Consideração;18-24 Urbano;71131.03;8704470;229469;2.64;0.31;15214;4.68;2617671.06;3580.1;4480756;1.9;555657;6.38
252;Remarketing Abandono;LinkedIn Ads;2024-07-07;2024-08-26;Awareness;35-49 Família;90947.71;4623953;244511;5.29;0.37;34884;2.61;4300541.55;4628.6;2523875;1.8;707852;15.31
253;Carnaval Promo;Podcast Ads;2024-11-01;2024-11-14;Awareness;25-34 Digital;36201.82;8905501;235341;2.64;0.15;10093;3.59;2103311.62;5710.0;4235711;2.1;243397;2.73
254;Black Friday 2024;E-mail Marketing;2024-03-05;2024-03-18;Awareness;18-24 Urbano;83592.84;19210459;924850;4.81;0.09;39685;2.11;18751810.34;22332.3;7875845;2.4;2584153;13.45
255;Black Friday 2024;Native Ads;2024-10-17;2024-11-01;Branding;35-49 Família;60725.9;10415410;120845;1.16;0.5;7503;8.09;850333.81;1300.3;3649118;2.9;109282;1.05
256;Content Hub;Google Ads;2024-07-10;2024-07-15;Awareness;18-24 Urbano;85422.83;5611972;336429;5.99;0.25;49363;1.73;15787492.19;18381.6;3317681;1.7;952472;16.97
257;Dia das Mães;YouTube Ads;2024-09-18;2024-10-05;Consideração;Empresários;4233.51;404262;16986;4.2;0.25;366;11.57;31776.19;650.6;241574;1.7;36313;8.98
258;Podcast Series;YouTube Ads;2024-01-21;2024-02-07;Conversão;35-49 Família;33696.62;14359003;605501;4.22;0.06;61668;0.55;10313288.17;30506.3;9929903;1.4;1030665;7.18
259;Back to School;Display;2024-05-04;2024-05-13;Awareness;Empresários;1307.07;225232;5987;2.66;0.22;209;6.25;35129.84;2587.7;110684;2.0;9304;4.13
260;Loyalty Program;Instagram;2024-12-16;2024-12-24;Retenção;50+ Tradicional;5108.86;1434641;75472;5.26;0.07;4051;1.26;327506.51;6310.6;509836;2.8;65646;4.58
261;Referral Boost;TikTok Ads;2024-03-04;2024-03-08;Branding;25-34 Digital;68235.83;25807195;394616;1.53;0.17;44265;1.54;12349846.82;17998.8;16695109;1.5;950118;3.68
262;Influencer Collab;LinkedIn Ads;2024-07-25;2024-08-08;Conversão;18-24 Urbano;74359.13;26156027;1876183;7.17;0.04;213675;0.35;38128696.81;51176.4;8200697;3.2;4779440;18.27
263;Performance Q2;Instagram;2024-11-01;2024-11-07;Retenção;Profissionais TI;62124.55;8164295;585361;7.17;0.11;46515;1.34;16515738.03;26484.9;2794096;2.9;954893;11.7
264;Natal Conectado;LinkedIn Ads;2024-03-01;2024-04-23;Branding;50+ Tradicional;28889.61;2336371;116487;4.99;0.25;12454;2.32;2073680.34;7077.9;910497;2.6;190365;8.15
265;Content Hub;Google Ads;2024-08-03;2024-08-15;Conversão;Empresários;82047.38;31273267;1356111;4.34;0.06;80724;1.02;27982479.9;34005.3;10841523;2.9;3278375;10.48
266;Tech Launch;Meta Ads;2024-02-01;2024-03-13;Awareness;35-49 Família;69584.19;28026197;2229654;7.96;0.03;210414;0.33;89478411.77;128490.1;14918034;1.9;5870218;20.95
267;Black Friday 2024;LinkedIn Ads;2024-09-09;2024-09-17;Branding;50+ Tradicional;63182.73;5986336;445655;7.44;0.14;41234;1.53;20582279.15;32475.8;2582635;2.3;1174857;19.63
268;Lançamento App;Podcast Ads;2024-08-09;2024-09-08;Consideração;35-49 Família;41799.36;7183549;231671;3.23;0.18;10122;4.13;2581041.4;6074.8;4252035;1.7;679859;9.46
269;Brand Awareness Q1;TikTok Ads;2024-11-18;2024-11-26;Retenção;Universitários;79677.24;6526423;410069;6.28;0.19;33102;2.41;16421299.56;20509.8;3891371;1.7;577085;8.84
270;Performance Q2;LinkedIn Ads;2024-11-01;2024-11-17;Retenção;25-34 Digital;3228.61;368712;29213;7.92;0.11;1364;2.37;376202.55;11552.2;119341;3.1;69560;18.87
271;Natal Conectado;Native Ads;2024-03-08;2024-03-18;Conversão;18-24 Urbano;45063.21;15757309;849790;5.39;0.05;118436;0.38;16043737.18;35502.7;6934360;2.3;2472711;15.69
272;Influencer Collab;Native Ads;2024-06-17;2024-07-10;Awareness;50+ Tradicional;85584.54;32198621;443619;1.38;0.19;32078;2.67;9714343.81;11250.6;16923601;1.9;815116;2.53
273;Remarketing Abandono;TikTok Ads;2024-07-15;2024-07-21;Conversão;50+ Tradicional;18187.65;2495847;133557;5.35;0.14;7570;2.4;3423177.87;18721.4;946000;2.6;333026;13.34
274;Live Commerce;YouTube Ads;2024-01-21;2024-02-26;Awareness;Empresários;6940.15;984641;73881;7.5;0.09;7183;0.97;1193613.63;17098.7;361859;2.7;64946;6.6
275;Verão Digital;LinkedIn Ads;2024-08-23;2024-09-18;Conversão;35-49 Família;81002.19;12065353;529492;4.39;0.15;33063;2.45;2057095.04;2439.6;5340941;2.3;1270189;10.53
276;Remarketing Abandono;Meta Ads;2024-11-25;2024-12-23;Awareness;50+ Tradicional;68772.0;7435214;435331;5.85;0.16;34090;2.02;10223972.25;14766.5;3090058;2.4;276502;3.72
277;Content Hub;TikTok Ads;2024-06-16;2024-07-15;Branding;50+ Tradicional;32927.39;6505619;119878;1.84;0.27;6381;5.16;1042265.01;3065.3;2343052;2.8;263792;4.05
278;Brand Awareness Q1;Meta Ads;2024-06-05;2024-07-13;Retenção;50+ Tradicional;13784.48;5404229;30173;0.56;0.46;1208;11.41;135369.92;882.0;1983083;2.7;64408;1.19
279;Natal Conectado;YouTube Ads;2024-03-14;2024-03-27;Consideração;Universitários;8270.41;1876210;129161;6.88;0.06;8663;0.95;439942.06;5219.5;1281545;1.5;224592;11.97
280;Verão Digital;LinkedIn Ads;2024-08-02;2024-09-01;Conversão;18-24 Urbano;73403.81;33248461;861434;2.59;0.09;16669;4.4;6350523.23;8551.5;17587641;1.9;575102;1.73
281;Podcast Series;Native Ads;2024-07-05;2024-08-02;Branding;Empresários;72570.08;9759346;729656;7.48;0.1;65344;1.11;16001027.2;21949.1;4470595;2.2;1106812;11.34
282;Remarketing Abandono;YouTube Ads;2024-01-11;2024-01-18;Conversão;35-49 Família;69512.28;20660475;887042;4.29;0.08;96121;0.72;31944236.58;45854.8;10107484;2.0;706422;3.42
283;Content Hub;TikTok Ads;2024-08-05;2024-08-12;Branding;18-24 Urbano;95248.51;26033612;1240858;4.77;0.08;178781;0.53;31937360.28;33430.6;12660064;2.1;651458;2.5
284;Carnaval Promo;Instagram;2024-01-09;2024-02-05;Awareness;Empresários;69698.2;11249143;745041;6.62;0.09;43591;1.6;21283565.68;30436.8;5781870;1.9;1290452;11.47
285;Live Commerce;Google Ads;2024-10-18;2024-11-11;Retenção;50+ Tradicional;70999.31;34600505;2226075;6.43;0.03;153392;0.46;66992467.68;94256.5;18246518;1.9;1459303;4.22
286;Seasonal Push;TikTok Ads;2024-08-11;2024-08-25;Consideração;35-49 Família;20021.36;3445580;185194;5.37;0.11;11469;1.75;3160024.23;15683.3;1379539;2.5;437655;12.7
287;Remarketing Abandono;Display;2024-06-13;2024-06-19;Conversão;25-34 Digital;72209.01;17470876;393041;2.25;0.18;34297;2.11;6804149.93;9322.9;6296261;2.8;204300;1.17
288;Performance Q2;E-mail Marketing;2024-02-11;2024-03-01;Awareness;18-24 Urbano;65257.93;7969488;510944;6.41;0.13;29342;2.22;7207080.36;10944.0;2989723;2.7;841641;10.56
289;Verão Digital;Instagram;2024-04-17;2024-05-13;Retenção;Profissionais TI;50331.65;14139418;168462;1.19;0.3;7335;6.86;768112.19;1426.1;8085017;1.7;203193;1.44
290;Lançamento App;Display;2024-11-04;2024-11-06;Awareness;Profissionais TI;86450.01;10469377;210724;2.01;0.41;19062;4.54;4349508.91;4931.2;4463006;2.3;561636;5.36
291;Back to School;Meta Ads;2024-08-26;2024-09-02;Consideração;18-24 Urbano;17815.31;8070946;230365;2.85;0.08;6347;2.81;944687.9;5202.7;3955422;2.0;125226;1.55
292;Dia das Mães;Instagram;2024-12-09;2024-12-26;Awareness;Empresários;18355.25;6129806;434481;7.09;0.04;32445;0.57;11956899.19;65041.6;2076146;3.0;645463;10.53
293;Black Friday 2024;Google Ads;2024-12-12;2024-12-24;Consideração;25-34 Digital;94383.82;8490174;531439;6.26;0.18;25769;3.66;6887187.85;7197.0;5429189;1.6;1258206;14.82
294;Carnaval Promo;YouTube Ads;2024-03-09;2024-04-17;Retenção;Profissionais TI;50918.52;6087476;259362;4.26;0.2;28576;1.78;12151183.26;23764.0;3784366;1.6;258029;4.24
295;Dia das Mães;Google Ads;2024-12-19;2024-12-20;Consideração;25-34 Digital;8423.91;1925772;39314;2.04;0.21;1962;4.29;229814.26;2628.1;990861;1.9;79515;4.13
296;Dia das Mães;Display;2024-11-14;2024-12-25;Branding;35-49 Família;17283.29;7000740;269428;3.85;0.06;16101;1.07;5116660.65;29504.7;3078890;2.3;145895;2.08
297;Remarketing Abandono;Instagram;2024-02-01;2024-02-04;Conversão;35-49 Família;83585.76;5511534;286745;5.2;0.29;22563;3.7;3231919.88;3766.6;1671031;3.3;834656;15.14
298;Referral Boost;Podcast Ads;2024-08-07;2024-09-16;Branding;Profissionais TI;52210.05;5701400;409255;7.18;0.13;35602;1.47;7771929.03;14785.9;1873496;3.0;325053;5.7
299;Verão Digital;E-mail Marketing;2024-11-17;2024-11-26;Branding;50+ Tradicional;26652.66;11361596;397746;3.5;0.07;59349;0.45;16886926.78;63259.3;6794025;1.7;566398;4.99
300;Seasonal Push;Google Ads;2024-01-06;2024-02-06;Branding;50+ Tradicional;9041.21;3039997;99938;3.29;0.09;1403;6.44;411825.53;4455.0;1882390;1.6;235905;7.76
301;Carnaval Promo;LinkedIn Ads;2024-04-02;2024-04-05;Branding;Universitários;7756.97;2068283;118305;5.72;0.07;3696;2.1;493913.68;6267.4;780117;2.7;335443;16.22
302;Dia das Mães;Display;2024-04-09;2024-04-27;Consideração;50+ Tradicional;91428.23;6877223;81424;1.18;1.12;2892;31.61;859177.18;839.7;4273704;1.6;196274;2.85
303;New Collection;LinkedIn Ads;2024-10-06;2024-11-02;Awareness;50+ Tradicional;94430.59;14230681;929656;6.53;0.1;102940;0.92;12016639.73;12625.4;8573020;1.7;919931;6.46
304;Live Commerce;E-mail Marketing;2024-10-06;2024-10-10;Branding;18-24 Urbano;14781.77;2572390;162344;6.31;0.09;12576;1.18;1582488.86;10605.7;1044863;2.5;155388;6.04
305;Podcast Series;Display;2024-02-08;2024-02-11;Consideração;Universitários;34694.1;15956617;280511;1.76;0.12;21654;1.6;10657405.84;30618.2;8033006;2.0;512153;3.21
306;Influencer Collab;Podcast Ads;2024-05-28;2024-06-14;Conversão;Empresários;20239.39;5229151;210289;4.02;0.1;8016;2.52;2282557.85;11177.8;2185132;2.4;130769;2.5
307;Performance Q2;LinkedIn Ads;2024-09-24;2024-10-12;Retenção;18-24 Urbano;54344.93;8630060;607742;7.04;0.09;69235;0.78;18372963.21;33708.1;3041463;2.8;1623089;18.81
308;Natal Conectado;Instagram;2024-03-14;2024-04-16;Awareness;18-24 Urbano;70828.82;32449030;1316923;4.06;0.05;74820;0.95;30935004.95;43575.7;10566492;3.1;2489276;7.67
309;Content Hub;TikTok Ads;2024-11-06;2024-11-15;Branding;25-34 Digital;78185.85;12166017;377842;3.11;0.21;5368;14.57;2552524.8;3164.7;6778413;1.8;596951;4.91
310;Black Friday 2024;Native Ads;2024-09-16;2024-09-25;Retenção;Empresários;2753.69;1321578;29499;2.23;0.09;3761;0.73;1501368.65;54422.1;917581;1.4;58934;4.46
311;Performance Q2;Instagram;2024-10-08;2024-11-04;Consideração;35-49 Família;6797.81;1039309;32838;3.16;0.21;4795;1.42;1175031.88;17185.4;639467;1.6;58554;5.63
312;Carnaval Promo;YouTube Ads;2024-12-08;2024-12-10;Retenção;35-49 Família;82098.23;21884999;1466141;6.7;0.06;130072;0.63;12459357.63;15076.2;10892641;2.0;1891589;8.64
313;Lançamento App;Display;2024-06-25;2024-07-01;Branding;35-49 Família;90828.13;29975075;1644791;5.49;0.06;183337;0.5;80805679.85;88865.5;12335398;2.4;4311644;14.38
314;Lançamento App;Instagram;2024-05-09;2024-06-18;Consideração;Empresários;63300.8;15035607;847464;5.64;0.07;73902;0.86;31078624.73;48996.7;8773576;1.7;1289958;8.58
315;Remarketing Abandono;Native Ads;2024-05-04;2024-07-18;Retenção;Universitários;14189.45;4343184;175534;4.04;0.08;10747;1.32;2238078.67;15672.8;1905153;2.3;95658;2.2
316;Dia dos Pais;Podcast Ads;2024-11-24;2024-12-09;Conversão;Empresários;79040.05;4958967;128874;2.6;0.61;15815;5.0;7199076.91;9008.1;1566332;3.2;193334;3.9
317;Performance Q2;TikTok Ads;2024-07-24;2024-08-27;Awareness;Profissionais TI;94203.83;10155870;116991;1.15;0.81;3368;27.97;667755.67;608.8;6515293;1.6;73650;0.73
318;Brand Awareness Q1;Native Ads;2024-05-27;2024-06-28;Retenção;Empresários;96572.21;44785227;1211690;2.71;0.08;12462;7.75;2069625.46;2043.1;29760565;1.5;3629085;8.1
319;Performance Q2;Display;2024-04-02;2024-04-22;Branding;18-24 Urbano;56832.44;16029398;585582;3.65;0.1;76888;0.74;9230193.78;16141.1;6883678;2.3;1562931;9.75
320;Loyalty Program;Display;2024-05-19;2024-06-21;Consideração;35-49 Família;11460.63;3063939;116504;3.8;0.1;17255;0.66;6851187.27;59680.2;1680280;1.8;229892;7.5
321;Content Hub;TikTok Ads;2024-08-23;2024-09-07;Consideração;Universitários;23341.07;2641274;136339;5.16;0.17;10713;2.18;2099073.56;8893.0;1253577;2.1;318085;12.04
322;Podcast Series;YouTube Ads;2024-09-24;2024-10-06;Consideração;Empresários;37151.5;11469112;97133;0.85;0.38;13944;2.66;5187965.38;13864.3;6856050;1.7;123232;1.07
323;Seasonal Push;Meta Ads;2024-11-03;2024-11-13;Retenção;Universitários;20076.49;4517242;172676;3.82;0.12;7594;2.64;2681101.31;13254.4;2485564;1.8;440047;9.74
324;Black Friday 2024;Google Ads;2024-10-01;2024-11-08;Consideração;35-49 Família;7299.59;1800131;52635;2.92;0.14;7705;0.95;2963851.32;40503.0;691267;2.6;44984;2.5
325;Seasonal Push;TikTok Ads;2024-05-04;2024-05-15;Retenção;Profissionais TI;72618.08;22796954;1631688;7.16;0.04;82292;0.88;25154603.28;34539.6;9184294;2.5;1026608;4.5
326;Remarketing Abandono;Display;2024-02-04;2024-03-05;Branding;Empresários;81359.28;9146840;67780;0.74;1.2;2894;28.11;896876.58;1002.4;5426854;1.7;202564;2.21
327;Verão Digital;Instagram;2024-08-10;2024-08-22;Consideração;18-24 Urbano;40583.38;7629511;356792;4.68;0.11;16077;2.52;935420.17;2204.9;4484373;1.7;512940;6.72
328;Seasonal Push;YouTube Ads;2024-05-27;2024-06-14;Branding;35-49 Família;69274.2;23727197;879040;3.7;0.08;117160;0.59;40793021.89;58786.3;15458890;1.5;1409887;5.94
329;Dia dos Pais;Meta Ads;2024-02-20;2024-02-21;Branding;25-34 Digital;56692.48;23811039;381967;1.6;0.15;33247;1.71;15228847.13;26762.2;8953720;2.7;628733;2.64
330;Content Hub;Podcast Ads;2024-08-24;2024-09-15;Awareness;Empresários;75853.3;21524095;929530;4.32;0.08;108850;0.7;18909956.2;24829.6;9959540;2.2;1916004;8.9
331;Performance Q2;E-mail Marketing;2024-10-23;2024-11-08;Retenção;25-34 Digital;23573.58;7296054;251464;3.45;0.09;19989;1.18;5996264.57;25336.4;3887351;1.9;203349;2.79
332;Dia das Mães;Display;2024-08-05;2024-08-18;Consideração;18-24 Urbano;79743.09;39145471;483170;1.23;0.17;22218;3.59;10871838.76;13533.6;13638692;2.9;1275443;3.26
333;Tech Launch;LinkedIn Ads;2024-11-08;2024-12-21;Awareness;Profissionais TI;51672.54;12346433;487192;3.95;0.11;40982;1.26;18271599.65;35260.4;6184154;2.0;498007;4.03
334;Brand Awareness Q1;LinkedIn Ads;2024-03-13;2024-03-23;Retenção;Profissionais TI;58403.0;21166589;385013;1.82;0.15;37578;1.55;18650834.09;31834.7;6430168;3.3;912140;4.31
335;Performance Q2;E-mail Marketing;2024-09-05;2024-10-18;Consideração;Empresários;96454.59;24390856;1240701;5.09;0.08;60388;1.6;20888422.44;21556.2;16640041;1.5;2494614;10.23
336;Carnaval Promo;Instagram;2024-02-05;2024-02-24;Conversão;Universitários;18781.8;7979192;536283;6.72;0.04;22357;0.84;2750470.3;14544.3;5140843;1.6;1289808;16.16
337;Verão Digital;Display;2024-12-11;2024-12-25;Branding;25-34 Digital;52130.18;9286086;662466;7.13;0.08;17130;3.04;5083381.71;9651.3;3453427;2.7;392602;4.23
338;Podcast Series;Display;2024-10-12;2024-10-26;Consideração;Empresários;67536.65;22080552;575281;2.61;0.12;26777;2.52;2708362.29;3910.2;11520965;1.9;883092;4.0
339;New Collection;Google Ads;2024-07-13;2024-07-20;Consideração;50+ Tradicional;29992.66;1740740;56181;3.23;0.53;1987;15.09;434206.82;1347.7;626043;2.8;72073;4.14
340;Verão Digital;Native Ads;2024-10-08;2024-11-19;Conversão;Universitários;54982.53;24956231;590778;2.37;0.09;64021;0.86;18368947.7;33308.7;7578674;3.3;934847;3.75
341;Tech Launch;E-mail Marketing;2024-05-16;2024-06-19;Awareness;25-34 Digital;84451.01;17973404;159692;0.89;0.53;6093;13.86;2978060.25;3426.4;11109492;1.6;343218;1.91
342;Loyalty Program;TikTok Ads;2024-06-07;2024-06-14;Conversão;Empresários;61489.87;3278849;90267;2.75;0.68;2951;20.84;834677.77;1257.4;1732621;1.9;72722;2.22
343;Influencer Collab;Display;2024-05-02;2024-06-28;Consideração;50+ Tradicional;49708.88;11338836;812061;7.16;0.06;108840;0.46;9060295.0;18126.7;6162469;1.8;1802239;15.89
344;Dia das Mães;E-mail Marketing;2024-11-11;2024-12-02;Retenção;18-24 Urbano;44487.28;2896055;69797;2.41;0.64;3825;11.63;208482.93;368.6;972311;3.0;65759;2.27
345;Loyalty Program;YouTube Ads;2024-05-24;2024-06-11;Awareness;35-49 Família;45165.36;14454192;365764;2.53;0.12;39832;1.13;19169722.39;42343.4;9789973;1.5;241337;1.67
346;Natal Conectado;YouTube Ads;2024-08-03;2024-09-17;Branding;25-34 Digital;82197.37;29941106;2128627;7.11;0.04;141070;0.58;28948865.31;35118.7;18153879;1.6;3616221;12.08
347;Natal Conectado;LinkedIn Ads;2024-03-13;2024-03-19;Conversão;Universitários;87839.64;43863003;3009012;6.86;0.03;369770;0.24;38857114.28;44136.4;19727254;2.2;3276317;7.47
348;Verão Digital;Meta Ads;2024-03-06;2024-03-10;Awareness;Empresários;44975.96;19841926;807700;4.07;0.06;89186;0.5;40891693.7;90819.0;8226189;2.4;920308;4.64
349;Influencer Collab;Instagram;2024-07-11;2024-07-22;Retenção;Profissionais TI;6871.22;524548;7721;1.47;0.89;1145;6.0;315553.87;4492.4;307255;1.7;22526;4.29
350;Dia dos Pais;Display;2024-05-23;2024-05-26;Conversão;Universitários;74677.13;12469199;994630;7.98;0.08;73117;1.02;32275904.72;43120.6;8364621;1.5;2259536;18.12
351;Podcast Series;Instagram;2024-08-07;2024-09-13;Conversão;35-49 Família;10165.94;875994;52751;6.02;0.19;6429;1.58;2947197.33;28890.9;506370;1.7;78556;8.97
352;Tech Launch;Google Ads;2024-06-10;2024-06-14;Awareness;Empresários;74512.76;34779390;2499481;7.19;0.03;36672;2.03;17971456.15;24018.6;14307608;2.4;4448244;12.79
353;Brand Awareness Q1;E-mail Marketing;2024-06-25;2024-07-17;Awareness;25-34 Digital;96616.53;48247897;1387437;2.88;0.07;133702;0.72;63691653.97;65822.1;15349311;3.1;699972;1.45
354;Carnaval Promo;E-mail Marketing;2024-07-08;2024-08-02;Branding;18-24 Urbano;68290.54;23214825;1609647;6.93;0.04;110321;0.62;21253755.7;31022.5;10809344;2.1;4677724;20.15
355;Performance Q2;Instagram;2024-06-24;2024-06-24;Retenção;35-49 Família;93084.19;15348664;616022;4.01;0.15;14952;6.23;3380958.64;3532.2;7180952;2.1;1079889;7.04
356;Back to School;E-mail Marketing;2024-03-17;2024-04-03;Retenção;Universitários;2785.77;1206339;22801;1.89;0.12;1234;2.26;434599.02;15500.7;396295;3.0;26713;2.21
357;Verão Digital;LinkedIn Ads;2024-08-04;2024-08-21;Consideração;25-34 Digital;35092.61;8587898;301019;3.51;0.12;10523;3.33;1915862.88;5359.4;4418559;1.9;629131;7.33
358;Influencer Collab;Meta Ads;2024-08-11;2024-09-07;Retenção;Profissionais TI;82798.96;27122397;1743036;6.43;0.05;106126;0.78;46890259.99;56531.5;12346912;2.2;2604293;9.6
359;Verão Digital;Google Ads;2024-09-13;2024-10-23;Branding;18-24 Urbano;41257.1;12695525;680802;5.36;0.06;92358;0.45;36903828.8;89348.4;6260140;2.0;932118;7.34
360;Back to School;Instagram;2024-03-16;2024-04-19;Conversão;18-24 Urbano;35462.54;3704604;214858;5.8;0.17;30095;1.18;4591669.87;12847.9;1882181;2.0;375676;10.14
361;Lançamento App;E-mail Marketing;2024-04-14;2024-05-12;Retenção;18-24 Urbano;96282.75;47874513;1346395;2.81;0.07;180671;0.53;64103748.1;66478.6;30776543;1.6;2299848;4.8
362;Live Commerce;Podcast Ads;2024-06-04;2024-06-17;Awareness;Universitários;75421.91;5172833;81437;1.57;0.93;8126;9.28;1098892.69;1357.0;2351564;2.2;47649;0.92
363;Live Commerce;TikTok Ads;2024-11-05;2024-12-04;Consideração;50+ Tradicional;9907.02;4721408;370493;7.85;0.03;50454;0.2;7878984.49;79429.3;3056734;1.5;525991;11.14
364;Remarketing Abandono;LinkedIn Ads;2024-04-04;2024-04-22;Awareness;50+ Tradicional;99705.73;16828321;638643;3.8;0.16;55365;1.8;19160349.63;19116.9;11323026;1.5;1328387;7.89
365;Tech Launch;Display;2024-04-21;2024-05-15;Awareness;Profissionais TI;61293.7;14590924;1050787;7.2;0.06;12225;5.01;3075129.65;4917.0;5397126;2.7;784894;5.38
366;Performance Q2;Instagram;2024-06-17;2024-06-25;Retenção;18-24 Urbano;82971.95;38705422;267645;0.69;0.31;11427;7.26;2926873.78;3427.5;22761792;1.7;614568;1.59
367;Carnaval Promo;TikTok Ads;2024-08-03;2024-09-23;Conversão;Empresários;31160.32;13149485;101109;0.77;0.31;8551;3.64;1176401.43;3675.3;6401003;2.1;140346;1.07
368;Back to School;YouTube Ads;2024-12-01;2024-12-28;Retenção;35-49 Família;34988.7;4154472;299915;7.22;0.12;44477;0.79;18246909.9;52050.9;1967884;2.1;674216;16.23
369;Back to School;LinkedIn Ads;2024-10-28;2024-11-11;Retenção;Profissionais TI;61101.8;10901958;767803;7.04;0.08;32110;1.9;5643512.18;9136.2;7368185;1.5;2067010;18.96
370;Loyalty Program;LinkedIn Ads;2024-05-16;2024-05-19;Conversão;Profissionais TI;12460.11;3122842;208224;6.67;0.06;21351;0.58;9922903.53;79537.4;1746288;1.8;253191;8.11
371;Loyalty Program;Meta Ads;2024-07-27;2024-08-24;Awareness;35-49 Família;51729.7;12071500;610252;5.06;0.08;49583;1.04;2603118.78;4932.2;8100233;1.5;526354;4.36
372;Influencer Collab;Native Ads;2024-02-13;2024-02-25;Branding;Empresários;51820.89;4364961;25493;0.58;2.03;1724;30.06;350072.56;575.5;2758921;1.6;24614;0.56
373;Verão Digital;Instagram;2024-09-08;2024-09-24;Retenção;18-24 Urbano;68252.72;30120319;1553550;5.16;0.04;100967;0.68;8469753.39;12309.4;14791767;2.0;3482137;11.56
374;Live Commerce;Instagram;2024-10-14;2024-11-28;Awareness;18-24 Urbano;9443.69;2216823;50794;2.29;0.19;2302;4.1;338045.99;3479.6;1534457;1.4;39373;1.78
375;Natal Conectado;YouTube Ads;2024-06-01;2024-06-04;Consideração;Profissionais TI;91978.14;25695047;1580112;6.15;0.06;82410;1.12;31453517.49;34096.7;14172549;1.8;3347064;13.03
376;Loyalty Program;Podcast Ads;2024-12-08;2024-12-24;Branding;Profissionais TI;1021.44;235880;10067;4.27;0.1;489;2.09;201215.74;19599.2;116111;2.0;8107;3.44
377;Carnaval Promo;Display;2024-02-04;2024-02-06;Retenção;Profissionais TI;86970.75;43371570;1013036;2.34;0.09;135059;0.64;36051016.68;41351.9;22446812;1.9;1868281;4.31
378;Dia das Mães;Native Ads;2024-02-28;2024-03-13;Consideração;35-49 Família;84202.81;29148441;1518293;5.21;0.06;158372;0.53;13233376.43;15616.1;19546690;1.5;1364866;4.68
379;Dia dos Pais;Google Ads;2024-11-22;2024-12-10;Branding;Profissionais TI;50304.86;16660730;294684;1.77;0.17;18596;2.71;7815048.62;15435.4;5986069;2.8;726342;4.36
380;Influencer Collab;Native Ads;2024-07-25;2024-08-07;Awareness;25-34 Digital;79622.61;39243132;1662068;4.24;0.05;230368;0.35;43211756.1;54170.7;16751738;2.3;2923946;7.45
381;Referral Boost;Google Ads;2024-01-15;2024-01-16;Awareness;25-34 Digital;64153.69;9219910;513876;5.57;0.12;26899;2.38;4150453.28;6369.5;5742487;1.6;915734;9.93
382;Brand Awareness Q1;YouTube Ads;2024-12-09;2024-12-28;Conversão;Profissionais TI;30566.7;9569013;124134;1.3;0.25;7525;4.06;2803270.71;9071.0;4104109;2.3;370710;3.87
383;Podcast Series;YouTube Ads;2024-04-01;2024-04-13;Conversão;35-49 Família;63916.79;17337916;165596;0.96;0.39;17011;3.76;8311521.76;12903.7;11399023;1.5;278921;1.61
384;Brand Awareness Q1;E-mail Marketing;2024-03-26;2024-04-18;Retenção;Universitários;91776.71;12102003;188407;1.56;0.49;4411;20.81;1146128.69;1148.8;5544523;2.2;102932;0.85
385;Black Friday 2024;TikTok Ads;2024-12-15;2024-12-28;Conversão;18-24 Urbano;35017.32;2153740;141184;6.56;0.25;2135;16.4;553202.79;1479.8;727238;3.0;375539;17.44
386;Performance Q2;Native Ads;2024-12-03;2024-12-22;Retenção;Profissionais TI;44158.38;12333996;779665;6.32;0.06;17787;2.48;6029380.15;13554.0;7583388;1.6;1465513;11.88
387;Black Friday 2024;Google Ads;2024-01-27;2024-02-28;Retenção;Profissionais TI;12225.2;2008289;64966;3.23;0.19;8137;1.5;1117553.19;9041.4;1243660;1.6;136835;6.81
388;Tech Launch;Meta Ads;2024-03-06;2024-04-19;Retenção;Profissionais TI;11322.78;2564650;109668;4.28;0.1;9215;1.23;4106583.68;36168.3;1229584;2.1;180325;7.03
389;Tech Launch;YouTube Ads;2024-05-09;2024-06-23;Branding;50+ Tradicional;50407.24;22622348;1482284;6.55;0.03;34630;1.46;3818432.98;7475.2;13396000;1.7;3408093;15.07
390;Live Commerce;Google Ads;2024-09-20;2024-09-23;Awareness;Empresários;72569.69;26499680;557041;2.1;0.13;37091;1.96;9409036.7;12865.5;14733734;1.8;653640;2.47
391;Dia dos Pais;TikTok Ads;2024-01-09;2024-02-15;Branding;50+ Tradicional;65284.87;14370800;334582;2.33;0.2;46626;1.4;5952173.99;9017.2;6402687;2.2;782493;5.45
392;Loyalty Program;Display;2024-02-17;2024-03-21;Branding;18-24 Urbano;76267.75;28667192;545477;1.9;0.14;40756;1.87;11396772.15;14843.1;12958919;2.2;543023;1.89
393;Verão Digital;TikTok Ads;2024-08-02;2024-08-15;Awareness;Universitários;59793.63;18162747;1180544;6.5;0.05;125148;0.48;35062985.72;58540.0;7808203;2.3;1722207;9.48
394;Verão Digital;Instagram;2024-05-14;2024-06-04;Consideração;25-34 Digital;75784.51;20959523;214901;1.03;0.35;9555;7.93;1227796.85;1520.1;7243247;2.9;188701;0.9
395;Seasonal Push;LinkedIn Ads;2024-09-26;2024-10-27;Retenção;50+ Tradicional;53837.25;11556551;643090;5.56;0.08;41604;1.29;3949544.17;7236.1;6993382;1.7;414004;3.58
396;Back to School;LinkedIn Ads;2024-03-28;2024-04-23;Branding;25-34 Digital;56960.85;14436635;1010443;7.0;0.06;111627;0.51;18646744.08;32636.1;9664421;1.5;2612280;18.09
397;Live Commerce;Display;2024-08-06;2024-08-10;Branding;35-49 Família;6490.47;436130;5659;1.3;1.15;147;44.15;55634.68;757.2;165320;2.6;15302;3.51
398;Seasonal Push;Google Ads;2024-10-16;2024-11-12;Retenção;25-34 Digital;39831.96;8904027;181743;2.04;0.22;6500;6.13;2617422.49;6471.2;4462536;2.0;496096;5.57
399;Natal Conectado;Podcast Ads;2024-02-20;2024-03-14;Consideração;18-24 Urbano;54114.37;11438019;275329;2.41;0.2;20660;2.62;2061180.43;3708.9;6054819;1.9;542017;4.74
400;Verão Digital;YouTube Ads;2024-02-03;2024-02-10;Retenção;Empresários;89869.75;41834712;2669538;6.38;0.03;222717;0.4;26029901.93;28864.0;25794458;1.6;5796019;13.85
401;Remarketing Abandono;Display;2024-12-03;2024-12-12;Conversão;50+ Tradicional;11194.24;2323904;175343;7.55;0.06;3964;2.82;530849.48;4642.2;1504869;1.5;274074;11.79
402;Seasonal Push;YouTube Ads;2024-07-05;2024-07-11;Consideração;50+ Tradicional;1922.1;951881;75814;7.96;0.03;5450;0.35;1166607.99;60594.4;414877;2.3;103269;10.85
403;Live Commerce;LinkedIn Ads;2024-02-10;2024-03-06;Consideração;35-49 Família;95650.56;17943164;415788;2.32;0.23;39834;2.4;12102014.93;12552.3;8831884;2.0;646598;3.6
404;Remarketing Abandono;Meta Ads;2024-09-10;2024-10-18;Awareness;Empresários;11940.29;5470818;317442;5.8;0.04;25952;0.46;8956078.38;74907.2;2008728;2.7;373026;6.82
405;Live Commerce;YouTube Ads;2024-02-15;2024-03-16;Branding;Empresários;67543.29;30529388;2160765;7.08;0.03;160773;0.42;69198362.48;102350.4;19697914;1.5;1487045;4.87
406;Content Hub;Instagram;2024-06-19;2024-06-22;Conversão;18-24 Urbano;24182.97;5096506;55159;1.08;0.44;3298;7.33;428028.8;1670.0;2246487;2.3;46781;0.92
407;Influencer Collab;TikTok Ads;2024-02-10;2024-03-08;Branding;Profissionais TI;50632.38;16446081;965191;5.87;0.05;73759;0.69;22193044.72;43731.7;10730766;1.5;1714281;10.42
408;Lançamento App;Native Ads;2024-09-14;2024-10-14;Retenção;Empresários;31612.19;8894273;397356;4.47;0.08;48649;0.65;7924286.3;24967.2;4313207;2.1;831984;9.35
409;Back to School;LinkedIn Ads;2024-05-18;2024-05-19;Awareness;50+ Tradicional;22208.96;6747910;364486;5.4;0.06;21111;1.05;4674087.09;20946.0;2425360;2.8;389935;5.78
410;Live Commerce;Instagram;2024-09-06;2024-09-20;Consideração;Universitários;14159.36;6893154;301055;4.37;0.05;38996;0.36;14824726.66;104599.1;4034706;1.7;250187;3.63
411;Black Friday 2024;E-mail Marketing;2024-05-02;2024-06-07;Retenção;50+ Tradicional;81837.98;25118364;857611;3.41;0.1;112755;0.73;10219678.95;12387.7;10717211;2.3;2239593;8.92
412;New Collection;Instagram;2024-07-06;2024-07-11;Branding;35-49 Família;15395.88;6189691;410455;6.63;0.04;45542;0.34;6360561.05;41213.4;3832680;1.6;618228;9.99
413;Remarketing Abandono;YouTube Ads;2024-09-25;2024-09-26;Consideração;18-24 Urbano;26850.81;3042565;68150;2.24;0.39;3032;8.86;1502162.73;5494.5;1795570;1.7;132908;4.37
414;Performance Q2;Native Ads;2024-04-10;2024-04-15;Conversão;Universitários;65924.06;23233951;874721;3.76;0.08;47089;1.4;21778084.45;32935.1;12837040;1.8;1417357;6.1
415;Seasonal Push;Podcast Ads;2024-07-02;2024-07-18;Retenção;Universitários;50442.18;3597924;277116;7.7;0.18;16385;3.08;7273835.01;14320.1;2058409;1.7;263814;7.33
416;Influencer Collab;Native Ads;2024-08-05;2024-08-21;Retenção;35-49 Família;9207.72;4043125;76881;1.9;0.12;6426;1.43;1410034.19;15213.6;2581265;1.6;128614;3.18
417;Podcast Series;E-mail Marketing;2024-01-13;2024-02-07;Awareness;50+ Tradicional;85973.67;36803150;916983;2.49;0.09;127028;0.68;62745199.62;72881.9;14759491;2.5;2499599;6.79
418;Back to School;LinkedIn Ads;2024-02-28;2024-03-08;Branding;50+ Tradicional;53161.55;26551602;1633349;6.15;0.03;168814;0.31;54843086.95;103063.1;10381809;2.6;1760034;6.63
419;Remarketing Abandono;LinkedIn Ads;2024-01-07;2024-01-26;Consideração;18-24 Urbano;55302.71;5235961;127334;2.43;0.43;7464;7.41;1715262.96;3001.6;2856882;1.8;328238;6.27
420;Referral Boost;E-mail Marketing;2024-10-10;2024-10-15;Retenção;35-49 Família;28685.32;10363065;691898;6.68;0.04;52188;0.55;16025200.98;55765.5;6043885;1.7;987377;9.53
421;Tech Launch;Meta Ads;2024-08-15;2024-09-12;Retenção;Universitários;56646.91;21039743;859657;4.09;0.07;77749;0.73;26217373.69;46182.1;8159570;2.6;1538134;7.31
422;Dia das Mães;Google Ads;2024-01-26;2024-01-28;Conversão;Universitários;97088.32;26703194;1096269;4.11;0.09;148866;0.65;45523712.24;46789.0;12817228;2.1;2864011;10.73
423;Back to School;Instagram;2024-11-04;2024-12-15;Conversão;35-49 Família;46670.13;10371926;342651;3.3;0.14;36835;1.27;14621615.46;31229.7;4073800;2.5;871219;8.4
424;Natal Conectado;TikTok Ads;2024-02-09;2024-03-18;Retenção;Universitários;5854.08;2435327;43676;1.79;0.13;564;10.38;57005.41;873.8;984613;2.5;117370;4.82
425;Live Commerce;LinkedIn Ads;2024-11-19;2024-12-25;Consideração;35-49 Família;19093.39;2667300;87070;3.26;0.22;12953;1.47;804818.79;4115.2;1814300;1.5;194623;7.3
426;Live Commerce;Native Ads;2024-08-05;2024-08-25;Consideração;Profissionais TI;62544.63;31155599;825120;2.65;0.08;67806;0.92;33005082.32;52670.4;17036478;1.8;1481134;4.75
427;Live Commerce;LinkedIn Ads;2024-03-23;2024-04-13;Consideração;Universitários;16202.08;3858785;151911;3.94;0.11;7207;2.25;1908494.8;11679.3;2180235;1.8;87691;2.27
428;Performance Q2;Meta Ads;2024-01-01;2024-01-24;Awareness;35-49 Família;96660.82;41795519;3129457;7.49;0.03;286759;0.34;27945541.92;28810.9;25537525;1.6;3881509;9.29
429;Brand Awareness Q1;Instagram;2024-01-13;2024-02-28;Retenção;Profissionais TI;69092.98;28278467;2202035;7.79;0.03;235652;0.29;34453584.49;49765.5;19287999;1.5;4809416;17.01
430;Remarketing Abandono;LinkedIn Ads;2024-05-23;2024-06-25;Retenção;50+ Tradicional;69961.77;19167875;452752;2.36;0.15;10553;6.63;1478594.63;2013.4;9892549;1.9;903293;4.71
431;Seasonal Push;Instagram;2024-06-03;2024-07-10;Branding;18-24 Urbano;86135.01;32454100;1448878;4.46;0.06;27943;3.08;2639133.25;2963.9;10071181;3.2;985988;3.04
432;Natal Conectado;E-mail Marketing;2024-12-01;2024-12-20;Awareness;Empresários;26611.57;9241508;185171;2.0;0.14;26432;1.01;11268867.41;42245.7;5478104;1.7;131332;1.42
433;Seasonal Push;LinkedIn Ads;2024-06-03;2024-07-21;Branding;Universitários;87614.88;40329085;849712;2.11;0.1;115566;0.76;9129354.16;10319.9;22505220;1.8;1656886;4.11
434;Dia dos Pais;LinkedIn Ads;2024-02-01;2024-03-11;Awareness;Universitários;24066.41;4866743;105009;2.16;0.23;4640;5.19;1158711.82;4714.6;1905803;2.6;172581;3.55
435;Loyalty Program;Instagram;2024-07-04;2024-07-28;Consideração;Universitários;73278.41;35371813;1311968;3.71;0.06;80116;0.91;23468394.07;31926.3;22566493;1.6;1213450;3.43
436;Performance Q2;Meta Ads;2024-09-14;2024-09-21;Conversão;Universitários;15864.69;1848342;39425;2.13;0.4;4548;3.49;1517761.0;9466.9;981754;1.9;82802;4.48
437;Dia das Mães;Meta Ads;2024-09-09;2024-10-12;Retenção;35-49 Família;70780.66;7706403;139005;1.8;0.51;20126;3.52;9032254.3;12660.9;5010932;1.5;94258;1.22
438;Live Commerce;Native Ads;2024-06-02;2024-07-24;Awareness;Empresários;58501.63;6994950;320155;4.58;0.18;38084;1.54;16660866.74;28379.3;4070294;1.7;835901;11.95
439;Live Commerce;Instagram;2024-08-25;2024-09-09;Awareness;50+ Tradicional;58576.9;7015715;125962;1.8;0.47;18404;3.18;2284816.95;3800.5;2966813;2.4;149904;2.14
440;Loyalty Program;TikTok Ads;2024-05-04;2024-06-17;Conversão;35-49 Família;8450.72;1453901;97921;6.74;0.09;7933;1.07;2276537.68;26839.0;812840;1.8;180896;12.44
441;New Collection;Instagram;2024-09-02;2024-09-03;Branding;25-34 Digital;25511.75;4593770;256055;5.57;0.1;31057;0.82;5708377.34;22275.5;1797573;2.6;659634;14.36
442;Natal Conectado;Native Ads;2024-06-06;2024-06-24;Retenção;35-49 Família;46504.6;21543898;866788;4.02;0.05;9723;4.78;3975101.85;8447.8;12395880;1.7;1610932;7.48
443;Dia das Mães;Display;2024-11-18;2024-12-07;Awareness;Universitários;36075.19;6459579;515195;7.98;0.07;34305;1.05;7420769.84;20470.3;2922271;2.2;896482;13.88
444;Brand Awareness Q1;LinkedIn Ads;2024-05-13;2024-05-18;Conversão;Profissionais TI;77500.29;19425590;269123;1.39;0.29;6924;11.19;818331.01;955.9;13496981;1.4;373362;1.92
445;Dia dos Pais;Meta Ads;2024-10-08;2024-11-18;Conversão;Empresários;22902.88;8825618;155047;1.76;0.15;14652;1.56;4974793.85;21621.3;4355436;2.0;332588;3.77
446;Content Hub;E-mail Marketing;2024-07-08;2024-08-10;Consideração;Profissionais TI;27699.35;3627071;252842;6.97;0.11;25489;1.09;10769821.74;38781.1;1737073;2.1;149339;4.12
447;Performance Q2;E-mail Marketing;2024-10-16;2024-11-01;Retenção;25-34 Digital;40886.18;7883815;86524;1.1;0.47;2401;17.03;255566.84;525.1;3328702;2.4;87728;1.11
448;Referral Boost;Meta Ads;2024-06-11;2024-06-13;Conversão;35-49 Família;35249.44;12584251;966919;7.68;0.04;129068;0.27;50044920.63;141873.7;8236894;1.5;691972;5.5
449;Tech Launch;Display;2024-01-20;2024-02-28;Consideração;50+ Tradicional;72399.36;28696446;918873;3.2;0.08;60482;1.2;26309592.83;36239.5;18534037;1.5;2683703;9.35
450;Dia das Mães;TikTok Ads;2024-01-23;2024-02-14;Consideração;35-49 Família;3803.72;1672717;26772;1.6;0.14;406;9.37;23822.96;526.3;635666;2.6;66490;3.97
451;Dia dos Pais;Podcast Ads;2024-05-03;2024-06-03;Awareness;Profissionais TI;85668.76;35772354;1491335;4.17;0.06;188522;0.45;53416035.79;62251.8;19982179;1.8;1114554;3.12
452;Back to School;TikTok Ads;2024-01-07;2024-02-06;Consideração;25-34 Digital;12663.64;2466368;114652;4.65;0.11;2918;4.34;300757.87;2275.0;977653;2.5;341972;13.87
453;Referral Boost;Display;2024-02-01;2024-02-24;Consideração;25-34 Digital;97109.24;34904651;1755529;5.03;0.06;92482;1.05;37381487.92;38394.3;13299235;2.6;3864273;11.07
454;Lançamento App;Display;2024-10-19;2024-11-04;Branding;50+ Tradicional;99964.04;44485890;1843896;4.14;0.05;30585;3.27;6546006.25;6448.4;22507434;2.0;3146344;7.07
455;Dia dos Pais;LinkedIn Ads;2024-04-12;2024-05-17;Retenção;Empresários;6404.07;1424358;15140;1.06;0.42;1589;4.03;95685.26;1394.1;601714;2.4;35136;2.47
456;Referral Boost;Meta Ads;2024-10-15;2024-10-18;Consideração;18-24 Urbano;26911.5;13393533;973370;7.27;0.03;103587;0.26;45503574.73;168986.0;4153719;3.2;1083528;8.09
457;Referral Boost;TikTok Ads;2024-02-06;2024-03-12;Retenção;35-49 Família;13408.95;5229817;66714;1.28;0.2;1115;12.03;158860.58;1084.7;3320346;1.6;122327;2.34
458;Dia dos Pais;E-mail Marketing;2024-07-19;2024-08-20;Retenção;Universitários;20687.04;6455287;105779;1.64;0.2;4207;4.92;344963.49;1567.5;2409552;2.7;226779;3.51
459;Content Hub;YouTube Ads;2024-11-09;2024-12-15;Conversão;Profissionais TI;98261.34;30739005;1882805;6.13;0.05;162801;0.6;28972821.87;29385.5;18436791;1.7;3937366;12.81
460;Content Hub;E-mail Marketing;2024-01-16;2024-01-28;Conversão;25-34 Digital;87585.02;33701641;2558445;7.59;0.03;321175;0.27;127771025.1;145782.3;15465073;2.2;6210968;18.43
461;Dia das Mães;LinkedIn Ads;2024-08-26;2024-09-20;Consideração;18-24 Urbano;95272.96;14416113;299931;2.08;0.32;25557;3.73;9510598.91;9882.5;5868915;2.5;586609;4.07
462;Dia dos Pais;Instagram;2024-05-26;2024-06-12;Retenção;25-34 Digital;91706.56;25282500;854008;3.38;0.11;33973;2.7;3076229.43;3254.4;9009334;2.8;438704;1.74
463;Carnaval Promo;LinkedIn Ads;2024-01-19;2024-02-19;Retenção;Empresários;30540.23;12247791;230229;1.88;0.13;24985;1.22;6006847.18;19568.6;7124217;1.7;130300;1.06
464;Dia dos Pais;Google Ads;2024-12-11;2024-12-13;Branding;Empresários;88561.23;32040243;1469043;4.58;0.06;206895;0.43;61396916.91;69227.1;20286284;1.6;796157;2.48
465;Tech Launch;E-mail Marketing;2024-02-10;2024-03-14;Retenção;35-49 Família;18340.07;1809538;90504;5.0;0.2;5791;3.17;497444.22;2612.3;1044426;1.7;82360;4.55
466;Carnaval Promo;E-mail Marketing;2024-12-08;2024-12-08;Branding;25-34 Digital;99623.8;35402795;743866;2.1;0.13;28809;3.46;12933514.91;12882.4;14154937;2.5;530225;1.5
467;Back to School;LinkedIn Ads;2024-09-22;2024-09-28;Awareness;35-49 Família;38312.06;2402406;121648;5.06;0.31;13496;2.84;3627267.74;9367.7;954622;2.5;353768;14.73
468;Dia das Mães;YouTube Ads;2024-07-04;2024-07-08;Conversão;35-49 Família;69179.52;17061579;537954;3.15;0.13;78595;0.88;4612680.31;6567.7;5934059;2.9;1328743;7.79
469;New Collection;E-mail Marketing;2024-06-06;2024-06-06;Awareness;35-49 Família;32231.95;5708291;285708;5.01;0.11;24078;1.34;10581492.39;32729.2;3067648;1.9;635434;11.13
470;Performance Q2;TikTok Ads;2024-06-14;2024-07-09;Conversão;50+ Tradicional;98087.98;34263030;367667;1.07;0.27;18754;5.23;2213179.81;2156.3;14082557;2.4;1100157;3.21
471;Influencer Collab;Display;2024-06-20;2024-07-09;Consideração;Empresários;15382.16;793364;62979;7.94;0.24;8040;1.91;466413.24;2932.2;448888;1.8;38480;4.85
472;Referral Boost;YouTube Ads;2024-03-09;2024-04-15;Consideração;Empresários;18639.04;1710016;77661;4.54;0.24;7384;2.52;1013252.39;5336.2;603812;2.8;97137;5.68
473;Loyalty Program;E-mail Marketing;2024-06-20;2024-06-27;Conversão;35-49 Família;42188.06;3328655;208403;6.26;0.2;4297;9.82;276176.92;554.6;1824416;1.8;456851;13.72
474;Natal Conectado;Podcast Ads;2024-06-06;2024-07-25;Retenção;Profissionais TI;58849.67;12464452;503254;4.04;0.12;56637;1.04;13165366.85;22271.2;8099462;1.5;1497427;12.01
475;Remarketing Abandono;Native Ads;2024-08-13;2024-09-09;Consideração;Empresários;98911.78;31932600;2483543;7.78;0.04;26692;3.71;3204647.58;3139.9;14376943;2.2;3724249;11.66
476;Dia dos Pais;Native Ads;2024-11-18;2024-12-16;Retenção;Empresários;33088.96;14367853;113219;0.79;0.29;4317;7.66;609402.07;1741.7;5535564;2.6;163017;1.13
477;Content Hub;Native Ads;2024-01-20;2024-01-26;Branding;18-24 Urbano;12814.81;6379760;199873;3.13;0.06;23712;0.54;6871815.95;53524.0;4460026;1.4;125067;1.96
478;Live Commerce;Display;2024-04-18;2024-05-15;Conversão;25-34 Digital;44955.01;9409828;428577;4.55;0.1;59005;0.76;4348146.29;9572.2;4553887;2.1;370295;3.94
479;Black Friday 2024;Native Ads;2024-04-19;2024-04-21;Consideração;50+ Tradicional;93334.6;34902420;1063242;3.05;0.09;88400;1.06;21715960.61;23166.8;11950999;2.9;616864;1.77
480;Lançamento App;Meta Ads;2024-12-26;2024-12-27;Retenção;Universitários;73540.71;9231255;211409;2.29;0.35;20109;3.66;1411169.02;1818.9;3324326;2.8;617033;6.68
481;Dia das Mães;Podcast Ads;2024-05-11;2024-05-15;Branding;Empresários;93212.15;19012498;874267;4.6;0.11;130757;0.71;40625092.74;43483.5;12542913;1.5;1921172;10.1
482;Back to School;LinkedIn Ads;2024-09-11;2024-10-06;Retenção;35-49 Família;58366.39;23284754;307415;1.32;0.19;28592;2.04;3154717.6;5305.0;11732908;2.0;263173;1.13
483;Carnaval Promo;Podcast Ads;2024-01-20;2024-01-26;Branding;50+ Tradicional;81301.1;5951027;343821;5.78;0.24;4977;16.34;1253501.09;1441.8;3634483;1.6;375451;6.31
484;Dia dos Pais;Native Ads;2024-04-05;2024-05-02;Consideração;Universitários;49557.92;11746692;849553;7.23;0.06;120153;0.41;58523971.45;117992.1;4343259;2.7;836162;7.12
485;Back to School;Google Ads;2024-07-14;2024-09-16;Branding;18-24 Urbano;46940.33;22925339;154692;0.67;0.3;15450;3.04;6340424.45;13407.4;11246283;2.0;129265;0.56
486;Referral Boost;Instagram;2024-01-02;2024-01-26;Awareness;Profissionais TI;61729.76;4220720;196511;4.66;0.31;4324;14.28;2082471.46;3273.5;2741423;1.5;137489;3.26
487;Black Friday 2024;Native Ads;2024-10-28;2024-11-12;Retenção;Empresários;65023.68;20397273;352716;1.73;0.18;41344;1.57;17783612.92;27249.4;6547337;3.1;379579;1.86
488;Content Hub;TikTok Ads;2024-04-12;2024-05-05;Retenção;Universitários;86128.9;12280868;918316;7.48;0.09;22093;3.9;7703095.48;8843.7;4704994;2.6;1958208;15.95
489;Black Friday 2024;LinkedIn Ads;2024-12-12;2024-12-15;Retenção;Profissionais TI;38626.46;3624780;59417;1.64;0.65;1881;20.54;533250.7;1280.5;2364456;1.5;166658;4.6
490;Natal Conectado;Meta Ads;2024-03-11;2024-03-15;Consideração;35-49 Família;81486.02;13899706;491207;3.53;0.17;16557;4.92;6500627.04;7877.6;8819285;1.6;393243;2.83
491;Carnaval Promo;Podcast Ads;2024-08-21;2024-09-03;Consideração;18-24 Urbano;33273.64;13638774;385827;2.83;0.09;55933;0.59;23019114.27;69081.2;8223002;1.7;1111134;8.15
492;Content Hub;Google Ads;2024-05-21;2024-06-10;Awareness;50+ Tradicional;54443.82;18363266;685702;3.73;0.08;36747;1.48;11465730.99;20959.7;6134196;3.0;1021197;5.56
493;Live Commerce;Display;2024-01-06;2024-02-01;Awareness;Profissionais TI;44243.61;12920324;289115;2.24;0.15;20177;2.19;9616474.65;21635.3;8746703;1.5;339530;2.63
494;Back to School;E-mail Marketing;2024-12-12;2024-12-18;Conversão;Profissionais TI;54971.78;26530649;1078896;4.07;0.05;50957;1.08;11978684.43;21690.6;14773576;1.8;1316342;4.96
495;Seasonal Push;E-mail Marketing;2024-07-06;2024-07-16;Conversão;25-34 Digital;23329.73;8572609;218828;2.55;0.11;4808;4.85;770192.91;3201.3;3644688;2.4;468624;5.47
496;Dia das Mães;Podcast Ads;2024-09-03;2024-09-27;Retenção;Profissionais TI;64494.26;7919670;526485;6.65;0.12;46888;1.38;16499068.78;25482.2;3753818;2.1;1066490;13.47
497;Tech Launch;Display;2024-11-07;2024-11-21;Retenção;35-49 Família;23014.1;1315074;58452;4.44;0.39;5737;4.01;1806425.7;7749.2;737510;1.8;145103;11.03
498;Lançamento App;Google Ads;2024-11-21;2024-11-27;Conversão;25-34 Digital;71493.82;15295310;452457;2.96;0.16;56429;1.27;22816078.61;31813.4;9769619;1.6;1023723;6.69
499;Podcast Series;Instagram;2024-06-02;2024-06-13;Retenção;50+ Tradicional;26994.67;4807074;182202;3.79;0.15;14593;1.85;6813881.48;25141.6;3029811;1.6;203878;4.24
500;Podcast Series;TikTok Ads;2024-12-15;2024-12-18;Awareness;Empresários;52393.02;11877199;879170;7.4;0.06;32354;1.62;8375423.4;15885.8;6097112;1.9;2348673;19.77
